id,label,fname
/m/01m4t,Printer,train/printer/317661_60.wav
/m/01m4t,Printer,train/printer/195351_3.wav
/m/01m4t,Printer,train/printer/161219_1.wav
/m/01m4t,Printer,train/printer/474452_5.wav
/m/01m4t,Printer,train/printer/330420_1.wav
/m/01m4t,Printer,train/printer/376358_3.wav
/m/01m4t,Printer,test/printer/326732.wav
/m/01m4t,Printer,train/printer/317660_53.wav
/m/01m4t,Printer,train/printer/442244_3.wav
/m/01m4t,Printer,train/printer/175277_2.wav
/m/01m4t,Printer,train/printer/317660_50.wav
/m/01m4t,Printer,train/printer/250760_3.wav
/m/01m4t,Printer,train/printer/317660_22.wav
/m/01m4t,Printer,train/printer/474454_3.wav
/m/01m4t,Printer,train/printer/123603_3.wav
/m/01m4t,Printer,train/printer/317660_42.wav
/m/01m4t,Printer,train/printer/474449_2.wav
/m/01m4t,Printer,test/printer/383879.wav
/m/01m4t,Printer,train/printer/324511.wav
/m/01m4t,Printer,train/printer/127944_2.wav
/m/01m4t,Printer,train/printer/317661_44.wav
/m/01m4t,Printer,train/printer/85463_2.wav
/m/01m4t,Printer,test/printer/153270.wav
/m/01m4t,Printer,train/printer/457562_2.wav
/m/01m4t,Printer,test/printer/245365_13.wav
/m/01m4t,Printer,test/printer/245365_7.wav
/m/01m4t,Printer,train/printer/102694_1.wav
/m/01m4t,Printer,test/printer/448469.wav
/m/01m4t,Printer,train/printer/376357_3.wav
/m/01m4t,Printer,train/printer/317661_7.wav
/m/01m4t,Printer,test/printer/330312.wav
/m/01m4t,Printer,test/printer/245365_25.wav
/m/01m4t,Printer,train/printer/72817_1.wav
/m/01m4t,Printer,test/printer/459687_1.wav
/m/01m4t,Printer,train/printer/275811_1.wav
/m/01m4t,Printer,train/printer/441692_1.wav
/m/01m4t,Printer,train/printer/403564.wav
/m/01m4t,Printer,train/printer/474455_3.wav
/m/01m4t,Printer,train/printer/119557.wav
/m/01m4t,Printer,train/printer/442244_2.wav
/m/01m4t,Printer,train/printer/317660_13.wav
/m/01m4t,Printer,train/printer/211147_5.wav
/m/01m4t,Printer,train/printer/49613_2.wav
/m/01m4t,Printer,train/printer/330420_2.wav
/m/01m4t,Printer,train/printer/317660_54.wav
/m/01m4t,Printer,test/printer/245365_28.wav
/m/01m4t,Printer,train/printer/317661_32.wav
/m/01m4t,Printer,train/printer/385870_1.wav
/m/01m4t,Printer,train/printer/376358_7.wav
/m/01m4t,Printer,train/printer/317660_59.wav
/m/01m4t,Printer,train/printer/256899_3.wav
/m/01m4t,Printer,train/printer/410722_1.wav
/m/01m4t,Printer,train/printer/485468.wav
/m/01m4t,Printer,train/printer/205660.wav
/m/01m4t,Printer,train/printer/317661_8.wav
/m/01m4t,Printer,test/printer/245365_8.wav
/m/01m4t,Printer,train/printer/325215.wav
/m/01m4t,Printer,train/printer/317661_48.wav
/m/01m4t,Printer,test/printer/459687_4.wav
/m/01m4t,Printer,train/printer/365733_1.wav
/m/01m4t,Printer,train/printer/128770_3.wav
/m/01m4t,Printer,train/printer/256900_2.wav
/m/01m4t,Printer,train/printer/63738_1.wav
/m/01m4t,Printer,train/printer/250760_19.wav
/m/01m4t,Printer,train/printer/317661_22.wav
/m/01m4t,Printer,train/printer/424391.wav
/m/01m4t,Printer,test/printer/245365_21.wav
/m/01m4t,Printer,train/printer/13809_2.wav
/m/01m4t,Printer,test/printer/378897.wav
/m/01m4t,Printer,train/printer/317660_37.wav
/m/01m4t,Printer,train/printer/117647_4.wav
/m/01m4t,Printer,test/printer/175583_1.wav
/m/01m4t,Printer,train/printer/317661_14.wav
/m/01m4t,Printer,train/printer/98063_1.wav
/m/01m4t,Printer,train/printer/328684_2.wav
/m/01m4t,Printer,test/printer/459687_8.wav
/m/01m4t,Printer,test/printer/245365_27.wav
/m/01m4t,Printer,test/printer/245365_1.wav
/m/01m4t,Printer,train/printer/317660_28.wav
/m/01m4t,Printer,train/printer/155765_2.wav
/m/01m4t,Printer,train/printer/117634_2.wav
/m/01m4t,Printer,train/printer/155765_4.wav
/m/01m4t,Printer,train/printer/63738_2.wav
/m/01m4t,Printer,test/printer/424382.wav
/m/01m4t,Printer,train/printer/317660_40.wav
/m/01m4t,Printer,train/printer/317660_4.wav
/m/01m4t,Printer,train/printer/317661_51.wav
/m/01m4t,Printer,train/printer/317660_18.wav
/m/01m4t,Printer,train/printer/317660_55.wav
/m/01m4t,Printer,train/printer/104537_1.wav
/m/01m4t,Printer,train/printer/52392.wav
/m/01m4t,Printer,train/printer/344971_2.wav
/m/01m4t,Printer,train/printer/317660_38.wav
/m/01m4t,Printer,train/printer/181420_3.wav
/m/01m4t,Printer,train/printer/317660_10.wav
/m/01m4t,Printer,train/printer/234440_2.wav
/m/01m4t,Printer,train/printer/317661_2.wav
/m/01m4t,Printer,train/printer/317661_41.wav
/m/01m4t,Printer,train/printer/317661_35.wav
/m/01m4t,Printer,train/printer/474454_1.wav
/m/01m4t,Printer,train/printer/317661_50.wav
/m/01m4t,Printer,train/printer/454118.wav
/m/01m4t,Printer,train/printer/317660_57.wav
/m/01m4t,Printer,train/printer/275060_2.wav
/m/01m4t,Printer,train/printer/250760_5.wav
/m/01m4t,Printer,train/printer/250760_26.wav
/m/01m4t,Printer,train/printer/250760_21.wav
/m/01m4t,Printer,train/printer/317660_3.wav
/m/01m4t,Printer,train/printer/376358_1.wav
/m/01m4t,Printer,test/printer/245365_15.wav
/m/01m4t,Printer,train/printer/274219_2.wav
/m/01m4t,Printer,train/printer/250760_13.wav
/m/01m4t,Printer,test/printer/90452_1.wav
/m/01m4t,Printer,train/printer/325216.wav
/m/01m4t,Printer,train/printer/317661_24.wav
/m/01m4t,Printer,train/printer/317660_7.wav
/m/01m4t,Printer,train/printer/442244_7.wav
/m/01m4t,Printer,train/printer/64648_3.wav
/m/01m4t,Printer,train/printer/317660_6.wav
/m/01m4t,Printer,train/printer/418077_3.wav
/m/01m4t,Printer,train/printer/127944_3.wav
/m/01m4t,Printer,train/printer/410722_5.wav
/m/01m4t,Printer,test/printer/468004.wav
/m/01m4t,Printer,train/printer/412239.wav
/m/01m4t,Printer,test/printer/245365_16.wav
/m/01m4t,Printer,test/printer/245365_26.wav
/m/01m4t,Printer,train/printer/330421_1.wav
/m/01m4t,Printer,train/printer/212038.wav
/m/01m4t,Printer,train/printer/317660_39.wav
/m/01m4t,Printer,test/printer/383109_2.wav
/m/01m4t,Printer,train/printer/143927_2.wav
/m/01m4t,Printer,test/printer/118066.wav
/m/01m4t,Printer,train/printer/387210_1.wav
/m/01m4t,Printer,train/printer/455050.wav
/m/01m4t,Printer,train/printer/317660_52.wav
/m/01m4t,Printer,train/printer/341059_1.wav
/m/01m4t,Printer,test/printer/89985_1.wav
/m/01m4t,Printer,train/printer/64648_7.wav
/m/01m4t,Printer,test/printer/245365_23.wav
/m/01m4t,Printer,train/printer/459084.wav
/m/01m4t,Printer,train/printer/250760_15.wav
/m/01m4t,Printer,train/printer/317661_28.wav
/m/01m4t,Printer,train/printer/394492_2.wav
/m/01m4t,Printer,train/printer/317660_34.wav
/m/01m4t,Printer,test/printer/200291.wav
/m/01m4t,Printer,train/printer/459085_1.wav
/m/01m4t,Printer,train/printer/195351_1.wav
/m/01m4t,Printer,train/printer/256897_2.wav
/m/01m4t,Printer,train/printer/233018.wav
/m/01m4t,Printer,train/printer/130055.wav
/m/01m4t,Printer,test/printer/245365_6.wav
/m/01m4t,Printer,train/printer/250760_18.wav
/m/01m4t,Printer,train/printer/442244_4.wav
/m/01m4t,Printer,test/printer/262904_2.wav
/m/01m4t,Printer,test/printer/245365_19.wav
/m/01m4t,Printer,train/printer/151744_1.wav
/m/01m4t,Printer,test/printer/388608_1.wav
/m/01m4t,Printer,train/printer/36333_1.wav
/m/01m4t,Printer,train/printer/274219_1.wav
/m/01m4t,Printer,train/printer/344971_1.wav
/m/01m4t,Printer,train/printer/19335.wav
/m/01m4t,Printer,train/printer/234441.wav
/m/01m4t,Printer,train/printer/127944_1.wav
/m/01m4t,Printer,train/printer/317661_30.wav
/m/01m4t,Printer,train/printer/317660_31.wav
/m/01m4t,Printer,train/printer/424390.wav
/m/01m4t,Printer,test/printer/365060.wav
/m/01m4t,Printer,train/printer/211147_4.wav
/m/01m4t,Printer,train/printer/317661_13.wav
/m/01m4t,Printer,train/printer/250760_25.wav
/m/01m4t,Printer,train/printer/418077_4.wav
/m/01m4t,Printer,train/printer/317660_41.wav
/m/01m4t,Printer,train/printer/85463_3.wav
/m/01m4t,Printer,train/printer/410740_2.wav
/m/01m4t,Printer,train/printer/250760_17.wav
/m/01m4t,Printer,train/printer/232728.wav
/m/01m4t,Printer,train/printer/317661_47.wav
/m/01m4t,Printer,train/printer/151619_2.wav
/m/01m4t,Printer,train/printer/474451_2.wav
/m/01m4t,Printer,test/printer/459687_7.wav
/m/01m4t,Printer,train/printer/256900_1.wav
/m/01m4t,Printer,train/printer/123603_1.wav
/m/01m4t,Printer,train/printer/376358_2.wav
/m/01m4t,Printer,train/printer/317661_45.wav
/m/01m4t,Printer,train/printer/317661_9.wav
/m/01m4t,Printer,train/printer/385871_2.wav
/m/01m4t,Printer,train/printer/175277_1.wav
/m/01m4t,Printer,train/printer/317660_15.wav
/m/01m4t,Printer,train/printer/317660_58.wav
/m/01m4t,Printer,train/printer/250760_2.wav
/m/01m4t,Printer,train/printer/403217.wav
/m/01m4t,Printer,train/printer/317660_35.wav
/m/01m4t,Printer,train/printer/317660_1.wav
/m/01m4t,Printer,train/printer/256898_1.wav
/m/01m4t,Printer,test/printer/166690.wav
/m/01m4t,Printer,train/printer/474449_4.wav
/m/01m4t,Printer,train/printer/376358_6.wav
/m/01m4t,Printer,test/printer/383109_1.wav
/m/01m4t,Printer,train/printer/275060_3.wav
/m/01m4t,Printer,test/printer/459687_6.wav
/m/01m4t,Printer,train/printer/317660_26.wav
/m/01m4t,Printer,train/printer/376357_1.wav
/m/01m4t,Printer,train/printer/104537_2.wav
/m/01m4t,Printer,train/printer/317661_56.wav
/m/01m4t,Printer,train/printer/385869_2.wav
/m/01m4t,Printer,train/printer/385871_3.wav
/m/01m4t,Printer,train/printer/335453_1.wav
/m/01m4t,Printer,train/printer/211147_6.wav
/m/01m4t,Printer,train/printer/344971_3.wav
/m/01m4t,Printer,test/printer/245365_24.wav
/m/01m4t,Printer,train/printer/474455_1.wav
/m/01m4t,Printer,train/printer/365733_2.wav
/m/01m4t,Printer,train/printer/349834.wav
/m/01m4t,Printer,train/printer/317661_27.wav
/m/01m4t,Printer,train/printer/250760_7.wav
/m/01m4t,Printer,train/printer/362395.wav
/m/01m4t,Printer,train/printer/317661_31.wav
/m/01m4t,Printer,train/printer/385943_2.wav
/m/01m4t,Printer,train/printer/376358_5.wav
/m/01m4t,Printer,train/printer/13809_1.wav
/m/01m4t,Printer,train/printer/376357_4.wav
/m/01m4t,Printer,train/printer/385870_2.wav
/m/01m4t,Printer,train/printer/117634_1.wav
/m/01m4t,Printer,train/printer/317661_1.wav
/m/01m4t,Printer,train/printer/271457_1.wav
/m/01m4t,Printer,train/printer/250760_11.wav
/m/01m4t,Printer,train/printer/317660_9.wav
/m/01m4t,Printer,train/printer/424389.wav
/m/01m4t,Printer,train/printer/317661_43.wav
/m/01m4t,Printer,train/printer/83915.wav
/m/01m4t,Printer,train/printer/195351_2.wav
/m/01m4t,Printer,train/printer/317661_54.wav
/m/01m4t,Printer,train/printer/186439.wav
/m/01m4t,Printer,train/printer/317661_21.wav
/m/01m4t,Printer,train/printer/333146_3.wav
/m/01m4t,Printer,train/printer/317660_23.wav
/m/01m4t,Printer,train/printer/317661_38.wav
/m/01m4t,Printer,train/printer/317660_33.wav
/m/01m4t,Printer,train/printer/317661_55.wav
/m/01m4t,Printer,train/printer/330421_3.wav
/m/01m4t,Printer,train/printer/250760_12.wav
/m/01m4t,Printer,train/printer/117647_3.wav
/m/01m4t,Printer,train/printer/117647_2.wav
/m/01m4t,Printer,train/printer/275811_2.wav
/m/01m4t,Printer,train/printer/317661_52.wav
/m/01m4t,Printer,train/printer/317660_2.wav
/m/01m4t,Printer,train/printer/161214.wav
/m/01m4t,Printer,train/printer/455375_1.wav
/m/01m4t,Printer,train/printer/317661_59.wav
/m/01m4t,Printer,train/printer/161213.wav
/m/01m4t,Printer,train/printer/410722_2.wav
/m/01m4t,Printer,train/printer/365838.wav
/m/01m4t,Printer,train/printer/155765_1.wav
/m/01m4t,Printer,train/printer/317660_48.wav
/m/01m4t,Printer,train/printer/64648_1.wav
/m/01m4t,Printer,train/printer/317126.wav
/m/01m4t,Printer,train/printer/256899_2.wav
/m/01m4t,Printer,train/printer/256899_4.wav
/m/01m4t,Printer,train/printer/72817_2.wav
/m/01m4t,Printer,train/printer/317661_58.wav
/m/01m4t,Printer,train/printer/410722_3.wav
/m/01m4t,Printer,train/printer/317660_56.wav
/m/01m4t,Printer,train/printer/317660_14.wav
/m/01m4t,Printer,train/printer/161219_2.wav
/m/01m4t,Printer,train/printer/123603_4.wav
/m/01m4t,Printer,train/printer/317661_29.wav
/m/01m4t,Printer,train/printer/256899_1.wav
/m/01m4t,Printer,train/printer/271069.wav
/m/01m4t,Printer,train/printer/385870_3.wav
/m/01m4t,Printer,train/printer/317661_40.wav
/m/01m4t,Printer,train/printer/474452_2.wav
/m/01m4t,Printer,train/printer/410740_1.wav
/m/01m4t,Printer,train/printer/418077_1.wav
/m/01m4t,Printer,train/printer/271457_3.wav
/m/01m4t,Printer,train/printer/377080_2.wav
/m/01m4t,Printer,train/printer/155765_3.wav
/m/01m4t,Printer,train/printer/328906.wav
/m/01m4t,Printer,train/printer/235249.wav
/m/01m4t,Printer,train/printer/474455_2.wav
/m/01m4t,Printer,train/printer/223750.wav
/m/01m4t,Printer,train/printer/317661_36.wav
/m/01m4t,Printer,train/printer/322125.wav
/m/01m4t,Printer,train/printer/264313_1.wav
/m/01m4t,Printer,train/printer/317661_33.wav
/m/01m4t,Printer,train/printer/250760_1.wav
/m/01m4t,Printer,test/printer/245365_2.wav
/m/01m4t,Printer,train/printer/317661_61.wav
/m/01m4t,Printer,train/printer/250760_22.wav
/m/01m4t,Printer,train/printer/151619_1.wav
/m/01m4t,Printer,test/printer/76744.wav
/m/01m4t,Printer,train/printer/317661_49.wav
/m/01m4t,Printer,train/printer/441692_2.wav
/m/01m4t,Printer,train/printer/261164.wav
/m/01m4t,Printer,train/printer/250760_24.wav
/m/01m4t,Printer,train/printer/317660_44.wav
/m/01m4t,Printer,train/printer/245107.wav
/m/01m4t,Printer,train/printer/395666_1.wav
/m/01m4t,Printer,train/printer/250760_6.wav
/m/0838f,Water,train/water/219928.wav
/m/0838f,Water,train/water/418464.wav
/m/0838f,Water,train/water/111144_1.wav
/m/0838f,Water,train/water/591.wav
/m/0838f,Water,train/water/53490_1.wav
/m/0838f,Water,train/water/96583.wav
/m/0838f,Water,train/water/172729.wav
/m/0838f,Water,train/water/32909_5.wav
/m/0838f,Water,train/water/170283.wav
/m/0838f,Water,train/water/151878_1.wav
/m/0838f,Water,test/water/347215_1.wav
/m/0838f,Water,train/water/364121_10.wav
/m/0838f,Water,train/water/332152_1.wav
/m/0838f,Water,test/water/419999.wav
/m/0838f,Water,test/water/455401_1.wav
/m/0838f,Water,train/water/452311_3.wav
/m/0838f,Water,train/water/437508_1.wav
/m/0838f,Water,test/water/104043.wav
/m/0838f,Water,train/water/26765_4.wav
/m/0838f,Water,test/water/341862_5.wav
/m/0838f,Water,train/water/452311_2.wav
/m/0838f,Water,train/water/477481_2.wav
/m/0838f,Water,train/water/333348_1.wav
/m/0838f,Water,train/water/85007_3.wav
/m/0838f,Water,train/water/94230_1.wav
/m/0838f,Water,train/water/404085.wav
/m/0838f,Water,test/water/232607.wav
/m/0838f,Water,train/water/488748.wav
/m/0838f,Water,train/water/462052_1.wav
/m/0838f,Water,train/water/168486.wav
/m/0838f,Water,test/water/208075_2.wav
/m/0838f,Water,train/water/452314_2.wav
/m/0838f,Water,train/water/184304.wav
/m/0838f,Water,train/water/408305.wav
/m/0838f,Water,train/water/121545.wav
/m/0838f,Water,train/water/343855_2.wav
/m/0838f,Water,train/water/223257_2.wav
/m/0838f,Water,train/water/72200.wav
/m/0838f,Water,train/water/276941.wav
/m/0838f,Water,train/water/243737_3.wav
/m/0838f,Water,train/water/457401_1.wav
/m/0838f,Water,train/water/26765_8.wav
/m/0838f,Water,train/water/212176.wav
/m/0838f,Water,train/water/198953_1.wav
/m/0838f,Water,test/water/352714.wav
/m/0838f,Water,test/water/32993_1.wav
/m/0838f,Water,train/water/30679_2.wav
/m/0838f,Water,train/water/126040.wav
/m/0838f,Water,train/water/262925_1.wav
/m/0838f,Water,train/water/343855_17.wav
/m/0838f,Water,train/water/243737_1.wav
/m/0838f,Water,train/water/361801_11.wav
/m/0838f,Water,train/water/453761_3.wav
/m/0838f,Water,test/water/341862_7.wav
/m/0838f,Water,train/water/206046_2.wav
/m/0838f,Water,train/water/117304.wav
/m/0838f,Water,train/water/457595_2.wav
/m/0838f,Water,train/water/198953_2.wav
/m/0838f,Water,train/water/107116.wav
/m/0838f,Water,train/water/410727_8.wav
/m/0838f,Water,train/water/150083_4.wav
/m/0838f,Water,train/water/211724_1.wav
/m/0838f,Water,train/water/150083_2.wav
/m/0838f,Water,train/water/397331.wav
/m/0838f,Water,train/water/103956.wav
/m/0838f,Water,train/water/336368.wav
/m/0838f,Water,train/water/94922.wav
/m/0838f,Water,train/water/219415.wav
/m/0838f,Water,test/water/405231_1.wav
/m/0838f,Water,train/water/85251.wav
/m/0838f,Water,train/water/460544.wav
/m/0838f,Water,train/water/26765_25.wav
/m/0838f,Water,train/water/150083_5.wav
/m/0838f,Water,train/water/190912.wav
/m/0838f,Water,train/water/206046_6.wav
/m/0838f,Water,train/water/333440.wav
/m/0838f,Water,train/water/250272_5.wav
/m/0838f,Water,train/water/250271_9.wav
/m/0838f,Water,train/water/452316_1.wav
/m/0838f,Water,train/water/452314_3.wav
/m/0838f,Water,train/water/114637.wav
/m/0838f,Water,train/water/410727_1.wav
/m/0838f,Water,train/water/397252.wav
/m/0838f,Water,train/water/462684.wav
/m/0838f,Water,train/water/52306.wav
/m/0838f,Water,train/water/108792.wav
/m/0838f,Water,train/water/26765_27.wav
/m/0838f,Water,test/water/402983.wav
/m/0838f,Water,train/water/243737_2.wav
/m/0838f,Water,train/water/188841.wav
/m/0838f,Water,train/water/62118.wav
/m/0838f,Water,train/water/213277.wav
/m/0838f,Water,train/water/343855_3.wav
/m/0838f,Water,test/water/201659.wav
/m/0838f,Water,train/water/1040_2.wav
/m/0838f,Water,train/water/71246.wav
/m/0838f,Water,train/water/453761_2.wav
/m/0838f,Water,train/water/139065.wav
/m/0838f,Water,train/water/332152_4.wav
/m/0838f,Water,train/water/1000.wav
/m/0838f,Water,train/water/416865_3.wav
/m/0838f,Water,train/water/206050_3.wav
/m/0838f,Water,train/water/108423.wav
/m/0838f,Water,train/water/26765_3.wav
/m/0838f,Water,train/water/47870.wav
/m/0838f,Water,train/water/336518.wav
/m/0838f,Water,train/water/171377.wav
/m/0838f,Water,train/water/250272_2.wav
/m/0838f,Water,test/water/469121.wav
/m/0838f,Water,test/water/457254.wav
/m/0838f,Water,train/water/401729_1.wav
/m/0838f,Water,train/water/370879.wav
/m/0838f,Water,train/water/26765_31.wav
/m/0838f,Water,test/water/456515_2.wav
/m/0838f,Water,train/water/26765_26.wav
/m/0838f,Water,train/water/343855_1.wav
/m/0838f,Water,train/water/370876.wav
/m/0838f,Water,train/water/338857_1.wav
/m/0838f,Water,train/water/26765_7.wav
/m/0838f,Water,train/water/264994_5.wav
/m/0838f,Water,train/water/410727_10.wav
/m/0838f,Water,train/water/23872.wav
/m/0838f,Water,train/water/26765_24.wav
/m/0838f,Water,train/water/421332_3.wav
/m/0838f,Water,train/water/53490_2.wav
/m/0838f,Water,train/water/396017_4.wav
/m/0838f,Water,train/water/96579.wav
/m/0838f,Water,train/water/202007.wav
/m/0838f,Water,train/water/452313_2.wav
/m/0838f,Water,train/water/259989.wav
/m/0838f,Water,train/water/462285_1.wav
/m/0838f,Water,train/water/94285.wav
/m/0838f,Water,train/water/233406.wav
/m/0838f,Water,train/water/26765_12.wav
/m/0838f,Water,train/water/333180_1.wav
/m/0838f,Water,train/water/385072_2.wav
/m/0838f,Water,test/water/94304.wav
/m/0838f,Water,train/water/341376.wav
/m/0838f,Water,test/water/262611.wav
/m/0838f,Water,train/water/478714.wav
/m/0838f,Water,train/water/420942.wav
/m/0838f,Water,train/water/319202.wav
/m/0838f,Water,train/water/250272_9.wav
/m/0838f,Water,train/water/423488.wav
/m/0838f,Water,train/water/410420_2.wav
/m/0838f,Water,train/water/136655_1.wav
/m/0838f,Water,train/water/150083_1.wav
/m/0838f,Water,train/water/406585_1.wav
/m/0838f,Water,train/water/330554_1.wav
/m/0838f,Water,train/water/452316_3.wav
/m/0838f,Water,train/water/212177.wav
/m/0838f,Water,train/water/26765_13.wav
/m/0838f,Water,train/water/74955.wav
/m/0838f,Water,train/water/387806_2.wav
/m/0838f,Water,train/water/1040_1.wav
/m/0838f,Water,train/water/111144_2.wav
/m/0838f,Water,train/water/363097.wav
/m/0838f,Water,test/water/344714.wav
/m/0838f,Water,train/water/387807.wav
/m/0838f,Water,train/water/469239.wav
/m/0838f,Water,train/water/257678.wav
/m/0838f,Water,train/water/111143_1.wav
/m/0838f,Water,test/water/399565_3.wav
/m/0838f,Water,train/water/410111_2.wav
/m/0838f,Water,train/water/124018_2.wav
/m/0838f,Water,train/water/182004_1.wav
/m/0838f,Water,train/water/385062_2.wav
/m/0838f,Water,train/water/322950.wav
/m/0838f,Water,train/water/198954_1.wav
/m/0838f,Water,train/water/118082.wav
/m/0838f,Water,train/water/410727_2.wav
/m/0838f,Water,test/water/232159.wav
/m/0838f,Water,train/water/66307_3.wav
/m/0838f,Water,train/water/333348_2.wav
/m/0838f,Water,train/water/387954.wav
/m/0838f,Water,train/water/489688_2.wav
/m/0838f,Water,train/water/361801_10.wav
/m/0838f,Water,train/water/343855_6.wav
/m/0838f,Water,train/water/85007_6.wav
/m/0838f,Water,train/water/274046.wav
/m/0838f,Water,train/water/71245.wav
/m/0838f,Water,train/water/182004_2.wav
/m/0838f,Water,train/water/382672.wav
/m/0838f,Water,train/water/50755.wav
/m/0838f,Water,train/water/35020.wav
/m/0838f,Water,train/water/342872_1.wav
/m/0838f,Water,train/water/346058.wav
/m/0838f,Water,test/water/187616.wav
/m/0838f,Water,train/water/184303_1.wav
/m/0838f,Water,train/water/147334.wav
/m/0838f,Water,train/water/66307_2.wav
/m/0838f,Water,train/water/338857_2.wav
/m/0838f,Water,train/water/327065.wav
/m/0838f,Water,test/water/68388_1.wav
/m/0838f,Water,train/water/250271_3.wav
/m/0838f,Water,train/water/378657.wav
/m/0838f,Water,train/water/453760_1.wav
/m/0838f,Water,train/water/250271_16.wav
/m/0838f,Water,train/water/84940.wav
/m/0838f,Water,train/water/433994_2.wav
/m/0838f,Water,train/water/232194_2.wav
/m/0838f,Water,train/water/134854.wav
/m/0838f,Water,train/water/442643.wav
/m/0838f,Water,train/water/452315_2.wav
/m/0838f,Water,train/water/207559_3.wav
/m/0838f,Water,train/water/371916_2.wav
/m/0838f,Water,train/water/250271_15.wav
/m/0838f,Water,train/water/391123_2.wav
/m/0838f,Water,train/water/330555_1.wav
/m/0838f,Water,train/water/423487.wav
/m/0838f,Water,train/water/487550.wav
/m/0838f,Water,train/water/268659.wav
/m/0838f,Water,test/water/341922.wav
/m/0838f,Water,test/water/341862_1.wav
/m/0838f,Water,train/water/422654_2.wav
/m/0838f,Water,train/water/250272_7.wav
/m/0838f,Water,train/water/462046_1.wav
/m/0838f,Water,train/water/343855_10.wav
/m/0838f,Water,train/water/332151_3.wav
/m/0838f,Water,train/water/96584_3.wav
/m/0838f,Water,train/water/371652.wav
/m/0838f,Water,train/water/50757_2.wav
/m/0838f,Water,train/water/387810.wav
/m/0838f,Water,train/water/454285.wav
/m/0838f,Water,train/water/154769.wav
/m/0838f,Water,train/water/184301_2.wav
/m/0838f,Water,train/water/371916_1.wav
/m/0838f,Water,train/water/489688_8.wav
/m/0838f,Water,train/water/243737_5.wav
/m/0838f,Water,train/water/421332_2.wav
/m/0838f,Water,train/water/256547.wav
/m/0838f,Water,train/water/250272_16.wav
/m/0838f,Water,train/water/361801_8.wav
/m/0838f,Water,train/water/207559_1.wav
/m/0838f,Water,train/water/26765_18.wav
/m/0838f,Water,train/water/206046_5.wav
/m/0838f,Water,train/water/218848.wav
/m/0838f,Water,train/water/257437.wav
/m/0838f,Water,test/water/255575_1.wav
/m/0838f,Water,train/water/337276.wav
/m/0838f,Water,train/water/333177_1.wav
/m/0838f,Water,train/water/94802.wav
/m/0838f,Water,train/water/84939.wav
/m/0838f,Water,train/water/467456.wav
/m/0838f,Water,train/water/168483.wav
/m/0838f,Water,train/water/116491_1.wav
/m/0838f,Water,train/water/250271_12.wav
/m/0838f,Water,train/water/343855_7.wav
/m/0838f,Water,train/water/452313_1.wav
/m/0838f,Water,train/water/342872_6.wav
/m/0838f,Water,train/water/338108_1.wav
/m/0838f,Water,test/water/456515_1.wav
/m/0838f,Water,train/water/462046_4.wav
/m/0838f,Water,train/water/83467.wav
/m/0838f,Water,train/water/108027_1.wav
/m/0838f,Water,train/water/26765_11.wav
/m/0838f,Water,train/water/343855_15.wav
/m/0838f,Water,train/water/85007_5.wav
/m/0838f,Water,train/water/215996.wav
/m/0838f,Water,train/water/121898_1.wav
/m/0838f,Water,train/water/452382_2.wav
/m/0838f,Water,train/water/370019_4.wav
/m/0838f,Water,train/water/72678.wav
/m/0838f,Water,test/water/341862_6.wav
/m/0838f,Water,train/water/265330.wav
/m/0838f,Water,train/water/457401_2.wav
/m/0838f,Water,train/water/264994_4.wav
/m/0838f,Water,train/water/444391.wav
/m/0838f,Water,train/water/119718.wav
/m/0838f,Water,train/water/364121_6.wav
/m/0838f,Water,train/water/120346.wav
/m/0838f,Water,train/water/1041_1.wav
/m/0838f,Water,train/water/206050_2.wav
/m/0838f,Water,train/water/184886.wav
/m/0838f,Water,train/water/211390_2.wav
/m/0838f,Water,test/water/208075_4.wav
/m/0838f,Water,train/water/42191.wav
/m/0838f,Water,train/water/462112_3.wav
/m/0838f,Water,train/water/26765_19.wav
/m/0838f,Water,train/water/206046_4.wav
/m/0838f,Water,train/water/124018_1.wav
/m/0838f,Water,train/water/333180_2.wav
/m/0838f,Water,train/water/118223.wav
/m/0838f,Water,train/water/589.wav
/m/0838f,Water,train/water/440995.wav
/m/0838f,Water,train/water/250272_15.wav
/m/0838f,Water,train/water/323003.wav
/m/0838f,Water,train/water/250271_17.wav
/m/0838f,Water,test/water/175408.wav
/m/0838f,Water,train/water/126395_2.wav
/m/0838f,Water,train/water/477481_1.wav
/m/0838f,Water,train/water/117303.wav
/m/0838f,Water,train/water/102707.wav
/m/0838f,Water,train/water/15287.wav
/m/0838f,Water,train/water/133825_1.wav
/m/0838f,Water,train/water/410420_1.wav
/m/0838f,Water,train/water/250272_1.wav
/m/0838f,Water,train/water/250272_8.wav
/m/0838f,Water,train/water/410727_7.wav
/m/0838f,Water,train/water/317338.wav
/m/0838f,Water,train/water/64445.wav
/m/0838f,Water,train/water/202529_1.wav
/m/0838f,Water,train/water/218846.wav
/m/0838f,Water,train/water/344747_2.wav
/m/0838f,Water,train/water/342872_5.wav
/m/0838f,Water,train/water/31258_1.wav
/m/0838f,Water,train/water/62034_3.wav
/m/0838f,Water,test/water/341862_3.wav
/m/0838f,Water,test/water/365479.wav
/m/0838f,Water,train/water/410727_4.wav
/m/0838f,Water,test/water/235765.wav
/m/0838f,Water,test/water/461707.wav
/m/0838f,Water,train/water/21888.wav
/m/0838f,Water,train/water/141697.wav
/m/0838f,Water,train/water/198955_1.wav
/m/0838f,Water,train/water/202008.wav
/m/0838f,Water,train/water/250271_6.wav
/m/0838f,Water,test/water/208075_5.wav
/m/0838f,Water,train/water/267495.wav
/m/0838f,Water,train/water/370019_2.wav
/m/0838f,Water,train/water/403511_1.wav
/m/0838f,Water,train/water/260725.wav
/m/0838f,Water,train/water/119130.wav
/m/0838f,Water,train/water/190915.wav
/m/0838f,Water,train/water/403511_2.wav
/m/0838f,Water,train/water/64962.wav
/m/0838f,Water,train/water/382669.wav
/m/0838f,Water,train/water/120109.wav
/m/0838f,Water,train/water/250271_8.wav
/m/0838f,Water,train/water/452382_3.wav
/m/0838f,Water,test/water/429504_2.wav
/m/0838f,Water,train/water/206169.wav
/m/0838f,Water,train/water/95759.wav
/m/0838f,Water,train/water/342872_3.wav
/m/0838f,Water,train/water/223257_1.wav
/m/0838f,Water,train/water/52158.wav
/m/0838f,Water,train/water/391116_1.wav
/m/0838f,Water,train/water/489569_1.wav
/m/0838f,Water,train/water/331546_2.wav
/m/0838f,Water,train/water/391112.wav
/m/0838f,Water,train/water/190918.wav
/m/0838f,Water,train/water/416865_1.wav
/m/0838f,Water,train/water/408296.wav
/m/0838f,Water,train/water/36086_2.wav
/m/0838f,Water,train/water/461216.wav
/m/0838f,Water,train/water/338108_2.wav
/m/0838f,Water,train/water/443461.wav
/m/0838f,Water,train/water/410727_5.wav
/m/0838f,Water,train/water/330553_3.wav
/m/0838f,Water,train/water/243737_6.wav
/m/0838f,Water,train/water/222879.wav
/m/0838f,Water,train/water/327441.wav
/m/0838f,Water,train/water/273989.wav
/m/0838f,Water,train/water/241367.wav
/m/0838f,Water,train/water/395084.wav
/m/0838f,Water,train/water/332151_1.wav
/m/0838f,Water,train/water/26765_1.wav
/m/0838f,Water,train/water/587.wav
/m/0838f,Water,train/water/336513.wav
/m/0838f,Water,train/water/330554_3.wav
/m/0838f,Water,train/water/433994_6.wav
/m/0838f,Water,train/water/26765_28.wav
/m/0838f,Water,train/water/452313_3.wav
/m/0838f,Water,train/water/396017_1.wav
/m/0838f,Water,train/water/396017_2.wav
/m/0838f,Water,train/water/332151_2.wav
/m/0838f,Water,train/water/424501.wav
/m/0838f,Water,test/water/399565_4.wav
/m/0838f,Water,train/water/406585_2.wav
/m/0838f,Water,train/water/26765_6.wav
/m/0838f,Water,train/water/361801_5.wav
/m/0838f,Water,train/water/50754_2.wav
/m/0838f,Water,train/water/62034_2.wav
/m/0838f,Water,train/water/330554_2.wav
/m/0838f,Water,train/water/118060_1.wav
/m/0838f,Water,train/water/385066_2.wav
/m/0838f,Water,train/water/250272_17.wav
/m/0838f,Water,train/water/184301_1.wav
/m/0838f,Water,train/water/451761.wav
/m/0838f,Water,train/water/250271_10.wav
/m/0838f,Water,train/water/30679_1.wav
/m/0838f,Water,train/water/410727_3.wav
/m/0838f,Water,test/water/347215_3.wav
/m/0838f,Water,test/water/61211_2.wav
/m/0838f,Water,test/water/399565_2.wav
/m/0838f,Water,train/water/96584_2.wav
/m/0838f,Water,train/water/452751.wav
/m/0838f,Water,train/water/454286.wav
/m/0838f,Water,train/water/212113.wav
/m/0838f,Water,train/water/174360.wav
/m/0838f,Water,train/water/454288_1.wav
/m/0838f,Water,train/water/55187.wav
/m/0838f,Water,train/water/462052_3.wav
/m/0838f,Water,train/water/338857_3.wav
/m/0838f,Water,train/water/433994_5.wav
/m/0838f,Water,train/water/406066.wav
/m/0838f,Water,train/water/75302.wav
/m/0838f,Water,train/water/184302_1.wav
/m/0838f,Water,test/water/429504_3.wav
/m/0838f,Water,train/water/104015.wav
/m/0838f,Water,train/water/454288_2.wav
/m/0838f,Water,train/water/206046_3.wav
/m/0838f,Water,train/water/132355.wav
/m/0838f,Water,train/water/26765_16.wav
/m/0838f,Water,train/water/250272_14.wav
/m/0838f,Water,train/water/250272_10.wav
/m/0838f,Water,train/water/116347_1.wav
/m/0838f,Water,train/water/117305.wav
/m/0838f,Water,train/water/209690_1.wav
/m/0838f,Water,train/water/23029_2.wav
/m/0838f,Water,train/water/421332_1.wav
/m/0838f,Water,train/water/32909_3.wav
/m/0838f,Water,train/water/370019_1.wav
/m/0838f,Water,test/water/71731.wav
/m/0838f,Water,train/water/422654_1.wav
/m/0838f,Water,train/water/364121_3.wav
/m/0838f,Water,test/water/341862_4.wav
/m/0838f,Water,train/water/94230_2.wav
/m/0838f,Water,train/water/418017.wav
/m/0838f,Water,train/water/190917.wav
/m/0838f,Water,train/water/460547.wav
/m/0838f,Water,train/water/462285_3.wav
/m/0838f,Water,train/water/121898_4.wav
/m/0838f,Water,train/water/364121_2.wav
/m/0838f,Water,train/water/166927_1.wav
/m/0838f,Water,train/water/332029.wav
/m/0838f,Water,train/water/489688_3.wav
/m/0838f,Water,train/water/364121_5.wav
/m/0838f,Water,test/water/272014_1.wav
/m/0838f,Water,test/water/234868.wav
/m/0838f,Water,train/water/207559_4.wav
/m/0838f,Water,train/water/46935_1.wav
/m/0838f,Water,train/water/444465_1.wav
/m/0838f,Water,train/water/177035.wav
/m/0838f,Water,train/water/96584_1.wav
/m/0838f,Water,train/water/72622.wav
/m/0838f,Water,train/water/17291.wav
/m/0838f,Water,train/water/361801_2.wav
/m/0838f,Water,train/water/66306_1.wav
/m/0838f,Water,train/water/172727.wav
/m/0838f,Water,train/water/26765_9.wav
/m/0838f,Water,train/water/26765_10.wav
/m/0838f,Water,train/water/444394.wav
/m/0838f,Water,train/water/232194_1.wav
/m/0838f,Water,train/water/452382_1.wav
/m/0838f,Water,train/water/26765_22.wav
/m/0838f,Water,train/water/32909_4.wav
/m/0838f,Water,test/water/351927.wav
/m/0838f,Water,train/water/344358.wav
/m/0838f,Water,train/water/333178_2.wav
/m/0838f,Water,train/water/124018_3.wav
/m/0838f,Water,train/water/26921.wav
/m/0838f,Water,test/water/379507_1.wav
/m/0838f,Water,train/water/385062_1.wav
/m/0838f,Water,train/water/186484.wav
/m/0838f,Water,test/water/388288.wav
/m/0838f,Water,train/water/451941_1.wav
/m/0838f,Water,test/water/29604.wav
/m/0838f,Water,train/water/117858_2.wav
/m/0838f,Water,train/water/50757_1.wav
/m/0838f,Water,train/water/85007_2.wav
/m/0838f,Water,train/water/361801_9.wav
/m/0838f,Water,train/water/489569_2.wav
/m/0838f,Water,train/water/117296_1.wav
/m/0838f,Water,train/water/26765_20.wav
/m/0838f,Water,train/water/222878.wav
/m/0838f,Water,train/water/250272_12.wav
/m/0838f,Water,test/water/399565_6.wav
/m/0838f,Water,test/water/485948.wav
/m/0838f,Water,train/water/250271_1.wav
/m/0838f,Water,train/water/437508_2.wav
/m/0838f,Water,train/water/20148.wav
/m/0838f,Water,train/water/489688_1.wav
/m/0838f,Water,train/water/70932.wav
/m/0838f,Water,train/water/343855_4.wav
/m/0838f,Water,train/water/487551.wav
/m/0838f,Water,train/water/104043.wav
/m/0838f,Water,train/water/14894.wav
/m/0838f,Water,train/water/452312_1.wav
/m/0838f,Water,train/water/124018_4.wav
/m/0838f,Water,train/water/434000_2.wav
/m/0838f,Water,train/water/480843.wav
/m/0838f,Water,train/water/433994_8.wav
/m/0838f,Water,train/water/330555_2.wav
/m/0838f,Water,train/water/84941.wav
/m/0838f,Water,train/water/18170.wav
/m/0838f,Water,train/water/210028.wav
/m/0838f,Water,test/water/399565_7.wav
/m/0838f,Water,train/water/211390_1.wav
/m/0838f,Water,train/water/251983.wav
/m/0838f,Water,train/water/26765_17.wav
/m/02x984l,Mechanical fan,train/fan/98942_3.wav
/m/02x984l,Mechanical fan,train/fan/460390.wav
/m/02x984l,Mechanical fan,test/fan/440122_5.wav
/m/02x984l,Mechanical fan,train/fan/395645_1.wav
/m/02x984l,Mechanical fan,train/fan/488751_4.wav
/m/02x984l,Mechanical fan,train/fan/265350.wav
/m/02x984l,Mechanical fan,train/fan/258094_4.wav
/m/02x984l,Mechanical fan,train/fan/455467_24.wav
/m/02x984l,Mechanical fan,train/fan/146690_17.wav
/m/02x984l,Mechanical fan,train/fan/346654_7.wav
/m/02x984l,Mechanical fan,train/fan/369662_1.wav
/m/02x984l,Mechanical fan,test/fan/251624_77.wav
/m/02x984l,Mechanical fan,test/fan/251624_90.wav
/m/02x984l,Mechanical fan,train/fan/273627_14.wav
/m/02x984l,Mechanical fan,train/fan/384025.wav
/m/02x984l,Mechanical fan,train/fan/102690_1.wav
/m/02x984l,Mechanical fan,test/fan/73524_4.wav
/m/02x984l,Mechanical fan,test/fan/251624_31.wav
/m/02x984l,Mechanical fan,train/fan/386942_2.wav
/m/02x984l,Mechanical fan,test/fan/251624_13.wav
/m/02x984l,Mechanical fan,train/fan/189982_4.wav
/m/02x984l,Mechanical fan,train/fan/146690_10.wav
/m/02x984l,Mechanical fan,train/fan/260681_14.wav
/m/02x984l,Mechanical fan,train/fan/381206_53.wav
/m/02x984l,Mechanical fan,train/fan/273627_17.wav
/m/02x984l,Mechanical fan,train/fan/346654_20.wav
/m/02x984l,Mechanical fan,train/fan/346654_12.wav
/m/02x984l,Mechanical fan,train/fan/381423_2.wav
/m/02x984l,Mechanical fan,train/fan/262885_3.wav
/m/02x984l,Mechanical fan,train/fan/366100_5.wav
/m/02x984l,Mechanical fan,train/fan/452146_8.wav
/m/02x984l,Mechanical fan,test/fan/251624_25.wav
/m/02x984l,Mechanical fan,train/fan/134717_1.wav
/m/02x984l,Mechanical fan,test/fan/251624_29.wav
/m/02x984l,Mechanical fan,train/fan/455467_20.wav
/m/02x984l,Mechanical fan,train/fan/329714_1.wav
/m/02x984l,Mechanical fan,train/fan/119067.wav
/m/02x984l,Mechanical fan,test/fan/251624_43.wav
/m/02x984l,Mechanical fan,train/fan/384026_1.wav
/m/02x984l,Mechanical fan,train/fan/452146_18.wav
/m/02x984l,Mechanical fan,train/fan/455467_41.wav
/m/02x984l,Mechanical fan,train/fan/275427_2.wav
/m/02x984l,Mechanical fan,train/fan/431817_1.wav
/m/02x984l,Mechanical fan,test/fan/73524_11.wav
/m/02x984l,Mechanical fan,train/fan/437343_1.wav
/m/02x984l,Mechanical fan,train/fan/346654_10.wav
/m/02x984l,Mechanical fan,train/fan/138206.wav
/m/02x984l,Mechanical fan,train/fan/454265_6.wav
/m/02x984l,Mechanical fan,train/fan/399251_3.wav
/m/02x984l,Mechanical fan,test/fan/251624_58.wav
/m/02x984l,Mechanical fan,test/fan/440122_2.wav
/m/02x984l,Mechanical fan,train/fan/381206_23.wav
/m/02x984l,Mechanical fan,train/fan/369858_6.wav
/m/02x984l,Mechanical fan,train/fan/146709_2.wav
/m/02x984l,Mechanical fan,train/fan/454265_2.wav
/m/02x984l,Mechanical fan,test/fan/251624_10.wav
/m/02x984l,Mechanical fan,train/fan/381206_7.wav
/m/02x984l,Mechanical fan,train/fan/427861_1.wav
/m/02x984l,Mechanical fan,train/fan/455467_75.wav
/m/02x984l,Mechanical fan,train/fan/455467_39.wav
/m/02x984l,Mechanical fan,test/fan/440122_6.wav
/m/02x984l,Mechanical fan,train/fan/455467_65.wav
/m/02x984l,Mechanical fan,train/fan/474458_4.wav
/m/02x984l,Mechanical fan,test/fan/251624_11.wav
/m/02x984l,Mechanical fan,train/fan/189987.wav
/m/02x984l,Mechanical fan,train/fan/381206_52.wav
/m/02x984l,Mechanical fan,test/fan/251624_79.wav
/m/02x984l,Mechanical fan,train/fan/402502_2.wav
/m/02x984l,Mechanical fan,train/fan/121285_1.wav
/m/02x984l,Mechanical fan,test/fan/251624_93.wav
/m/02x984l,Mechanical fan,train/fan/384024_3.wav
/m/02x984l,Mechanical fan,train/fan/384022_2.wav
/m/02x984l,Mechanical fan,train/fan/260681_7.wav
/m/02x984l,Mechanical fan,train/fan/454264_1.wav
/m/02x984l,Mechanical fan,train/fan/399925_2.wav
/m/02x984l,Mechanical fan,test/fan/251624_44.wav
/m/02x984l,Mechanical fan,train/fan/395645_2.wav
/m/02x984l,Mechanical fan,train/fan/260681_1.wav
/m/02x984l,Mechanical fan,train/fan/241870_1.wav
/m/02x984l,Mechanical fan,train/fan/102686_1.wav
/m/02x984l,Mechanical fan,train/fan/275846_6.wav
/m/02x984l,Mechanical fan,train/fan/488751_2.wav
/m/02x984l,Mechanical fan,train/fan/455467_48.wav
/m/02x984l,Mechanical fan,train/fan/336380.wav
/m/02x984l,Mechanical fan,test/fan/251624_64.wav
/m/02x984l,Mechanical fan,train/fan/384028_1.wav
/m/02x984l,Mechanical fan,test/fan/137248.wav
/m/02x984l,Mechanical fan,train/fan/369662_2.wav
/m/02x984l,Mechanical fan,train/fan/275428_7.wav
/m/02x984l,Mechanical fan,test/fan/267233.wav
/m/02x984l,Mechanical fan,test/fan/251624_60.wav
/m/02x984l,Mechanical fan,train/fan/403664_3.wav
/m/02x984l,Mechanical fan,train/fan/455467_22.wav
/m/02x984l,Mechanical fan,train/fan/455467_71.wav
/m/02x984l,Mechanical fan,train/fan/146690_9.wav
/m/02x984l,Mechanical fan,train/fan/369858_2.wav
/m/02x984l,Mechanical fan,train/fan/455467_45.wav
/m/02x984l,Mechanical fan,train/fan/146690_15.wav
/m/02x984l,Mechanical fan,train/fan/275846_10.wav
/m/02x984l,Mechanical fan,test/fan/73524_10.wav
/m/02x984l,Mechanical fan,train/fan/381206_55.wav
/m/02x984l,Mechanical fan,train/fan/138209.wav
/m/02x984l,Mechanical fan,train/fan/273627_10.wav
/m/02x984l,Mechanical fan,train/fan/455467_98.wav
/m/02x984l,Mechanical fan,train/fan/455467_47.wav
/m/02x984l,Mechanical fan,train/fan/146690_4.wav
/m/02x984l,Mechanical fan,train/fan/381206_9.wav
/m/02x984l,Mechanical fan,test/fan/251624_42.wav
/m/02x984l,Mechanical fan,test/fan/251624_1.wav
/m/02x984l,Mechanical fan,train/fan/364853_2.wav
/m/02x984l,Mechanical fan,train/fan/177742_1.wav
/m/02x984l,Mechanical fan,train/fan/396963_3.wav
/m/02x984l,Mechanical fan,train/fan/381206_54.wav
/m/02x984l,Mechanical fan,test/fan/251624_51.wav
/m/02x984l,Mechanical fan,train/fan/273627_3.wav
/m/02x984l,Mechanical fan,train/fan/189982_2.wav
/m/02x984l,Mechanical fan,train/fan/275430_9.wav
/m/02x984l,Mechanical fan,test/fan/321442.wav
/m/02x984l,Mechanical fan,train/fan/336387_1.wav
/m/02x984l,Mechanical fan,train/fan/51363_2.wav
/m/02x984l,Mechanical fan,train/fan/80589.wav
/m/02x984l,Mechanical fan,train/fan/369662_8.wav
/m/02x984l,Mechanical fan,train/fan/455467_32.wav
/m/02x984l,Mechanical fan,train/fan/146709_6.wav
/m/02x984l,Mechanical fan,train/fan/362430_2.wav
/m/02x984l,Mechanical fan,train/fan/455467_18.wav
/m/02x984l,Mechanical fan,train/fan/177726_2.wav
/m/02x984l,Mechanical fan,train/fan/275430_5.wav
/m/02x984l,Mechanical fan,train/fan/455467_37.wav
/m/02x984l,Mechanical fan,test/fan/251624_63.wav
/m/02x984l,Mechanical fan,train/fan/121286_2.wav
/m/02x984l,Mechanical fan,train/fan/330270_2.wav
/m/02x984l,Mechanical fan,train/fan/399251_5.wav
/m/02x984l,Mechanical fan,train/fan/177742_7.wav
/m/02x984l,Mechanical fan,train/fan/438724_3.wav
/m/02x984l,Mechanical fan,train/fan/381206_42.wav
/m/02x984l,Mechanical fan,train/fan/202516_1.wav
/m/02x984l,Mechanical fan,train/fan/381206_10.wav
/m/02x984l,Mechanical fan,train/fan/208744.wav
/m/02x984l,Mechanical fan,train/fan/341512_1.wav
/m/02x984l,Mechanical fan,train/fan/195000_1.wav
/m/02x984l,Mechanical fan,train/fan/455467_11.wav
/m/02x984l,Mechanical fan,train/fan/346654_28.wav
/m/02x984l,Mechanical fan,train/fan/454265_3.wav
/m/02x984l,Mechanical fan,train/fan/146709_5.wav
/m/02x984l,Mechanical fan,test/fan/251624_53.wav
/m/02x984l,Mechanical fan,train/fan/386942_3.wav
/m/02x984l,Mechanical fan,train/fan/125393_1.wav
/m/02x984l,Mechanical fan,train/fan/452146_13.wav
/m/02x984l,Mechanical fan,train/fan/381206_51.wav
/m/02x984l,Mechanical fan,train/fan/366100_6.wav
/m/02x984l,Mechanical fan,train/fan/275846_4.wav
/m/02x984l,Mechanical fan,train/fan/274104_1.wav
/m/02x984l,Mechanical fan,test/fan/73524_8.wav
/m/02x984l,Mechanical fan,train/fan/394743_2.wav
/m/02x984l,Mechanical fan,test/fan/251624_22.wav
/m/02x984l,Mechanical fan,test/fan/251624_47.wav
/m/02x984l,Mechanical fan,train/fan/147926_6.wav
/m/02x984l,Mechanical fan,train/fan/468228_2.wav
/m/02x984l,Mechanical fan,train/fan/453708_2.wav
/m/02x984l,Mechanical fan,test/fan/153261.wav
/m/02x984l,Mechanical fan,train/fan/139063_5.wav
/m/02x984l,Mechanical fan,train/fan/384020_1.wav
/m/02x984l,Mechanical fan,test/fan/251624_26.wav
/m/02x984l,Mechanical fan,train/fan/177742_8.wav
/m/02x984l,Mechanical fan,train/fan/451749_2.wav
/m/02x984l,Mechanical fan,train/fan/243951_6.wav
/m/02x984l,Mechanical fan,train/fan/396963_5.wav
/m/02x984l,Mechanical fan,train/fan/437341_2.wav
/m/02x984l,Mechanical fan,train/fan/346654_24.wav
/m/02x984l,Mechanical fan,train/fan/455467_25.wav
/m/02x984l,Mechanical fan,train/fan/243951_5.wav
/m/02x984l,Mechanical fan,train/fan/364853_3.wav
/m/02x984l,Mechanical fan,train/fan/396963_6.wav
/m/02x984l,Mechanical fan,test/fan/251624_39.wav
/m/02x984l,Mechanical fan,test/fan/73524_12.wav
/m/02x984l,Mechanical fan,train/fan/453708_4.wav
/m/02x984l,Mechanical fan,train/fan/189813_2.wav
/m/02x984l,Mechanical fan,train/fan/217720_5.wav
/m/02x984l,Mechanical fan,train/fan/346654_8.wav
/m/02x984l,Mechanical fan,train/fan/146709_7.wav
/m/02x984l,Mechanical fan,test/fan/251624_50.wav
/m/02x984l,Mechanical fan,train/fan/189991.wav
/m/02x984l,Mechanical fan,test/fan/73524_6.wav
/m/02x984l,Mechanical fan,train/fan/437343_2.wav
/m/02x984l,Mechanical fan,train/fan/275430_6.wav
/m/02x984l,Mechanical fan,test/fan/251624_61.wav
/m/02x984l,Mechanical fan,train/fan/384023_1.wav
/m/02x984l,Mechanical fan,test/fan/251624_91.wav
/m/02x984l,Mechanical fan,train/fan/275427_1.wav
/m/02x984l,Mechanical fan,train/fan/177742_15.wav
/m/02x984l,Mechanical fan,train/fan/398463_1.wav
/m/02x984l,Mechanical fan,train/fan/455467_77.wav
/m/02x984l,Mechanical fan,train/fan/488749_3.wav
/m/02x984l,Mechanical fan,train/fan/30204_2.wav
/m/02x984l,Mechanical fan,train/fan/453707_3.wav
/m/02x984l,Mechanical fan,train/fan/162103_2.wav
/m/02x984l,Mechanical fan,train/fan/455467_10.wav
/m/02x984l,Mechanical fan,train/fan/455467_36.wav
/m/02x984l,Mechanical fan,train/fan/488749_4.wav
/m/02x984l,Mechanical fan,train/fan/63724_1.wav
/m/02x984l,Mechanical fan,train/fan/394744_1.wav
/m/02x984l,Mechanical fan,train/fan/139063_1.wav
/m/02x984l,Mechanical fan,train/fan/381206_34.wav
/m/02x984l,Mechanical fan,train/fan/455467_26.wav
/m/02x984l,Mechanical fan,train/fan/275430_1.wav
/m/02x984l,Mechanical fan,train/fan/48353_1.wav
/m/02x984l,Mechanical fan,train/fan/240287_1.wav
/m/02x984l,Mechanical fan,train/fan/362431.wav
/m/02x984l,Mechanical fan,train/fan/259205_2.wav
/m/02x984l,Mechanical fan,train/fan/273627_1.wav
/m/02x984l,Mechanical fan,test/fan/251624_52.wav
/m/02x984l,Mechanical fan,train/fan/455467_93.wav
/m/02x984l,Mechanical fan,train/fan/341512_4.wav
/m/02x984l,Mechanical fan,train/fan/275431_2.wav
/m/02x984l,Mechanical fan,train/fan/381206_36.wav
/m/02x984l,Mechanical fan,train/fan/459594_1.wav
/m/02x984l,Mechanical fan,train/fan/381206_11.wav
/m/02x984l,Mechanical fan,train/fan/381206_58.wav
/m/02x984l,Mechanical fan,test/fan/440122_3.wav
/m/02x984l,Mechanical fan,test/fan/46806_2.wav
/m/02x984l,Mechanical fan,train/fan/273627_15.wav
/m/02x984l,Mechanical fan,test/fan/440122_7.wav
/m/02x984l,Mechanical fan,train/fan/396963_4.wav
/m/02x984l,Mechanical fan,train/fan/62442.wav
/m/02x984l,Mechanical fan,train/fan/395645_4.wav
/m/02x984l,Mechanical fan,train/fan/455467_4.wav
/m/02x984l,Mechanical fan,train/fan/273627_8.wav
/m/02x984l,Mechanical fan,train/fan/455467_86.wav
/m/02x984l,Mechanical fan,train/fan/381206_49.wav
/m/02x984l,Mechanical fan,train/fan/454264_3.wav
/m/02x984l,Mechanical fan,train/fan/384017.wav
/m/02x984l,Mechanical fan,train/fan/189982_3.wav
/m/02x984l,Mechanical fan,test/fan/73524_5.wav
/m/02x984l,Mechanical fan,train/fan/455467_54.wav
/m/02x984l,Mechanical fan,train/fan/455467_51.wav
/m/02x984l,Mechanical fan,train/fan/275428_1.wav
/m/02x984l,Mechanical fan,train/fan/125390_3.wav
/m/02x984l,Mechanical fan,test/fan/238984.wav
/m/02x984l,Mechanical fan,train/fan/369662_3.wav
/m/02x984l,Mechanical fan,test/fan/165454_1.wav
/m/02x984l,Mechanical fan,train/fan/455467_17.wav
/m/02x984l,Mechanical fan,train/fan/219488.wav
/m/02x984l,Mechanical fan,train/fan/216376.wav
/m/02x984l,Mechanical fan,train/fan/330265_2.wav
/m/02x984l,Mechanical fan,train/fan/346654_18.wav
/m/02x984l,Mechanical fan,train/fan/35215_1.wav
/m/02x984l,Mechanical fan,train/fan/275846_9.wav
/m/02x984l,Mechanical fan,test/fan/251624_94.wav
/m/02x984l,Mechanical fan,test/fan/271657.wav
/m/02x984l,Mechanical fan,test/fan/251624_75.wav
/m/02x984l,Mechanical fan,train/fan/275429_5.wav
/m/02x984l,Mechanical fan,train/fan/455467_1.wav
/m/02x984l,Mechanical fan,train/fan/260681_13.wav
/m/02x984l,Mechanical fan,train/fan/452146_19.wav
/m/02x984l,Mechanical fan,train/fan/147926_4.wav
/m/02x984l,Mechanical fan,train/fan/384024_4.wav
/m/02x984l,Mechanical fan,train/fan/329714_3.wav
/m/02x984l,Mechanical fan,train/fan/399251_1.wav
/m/02x984l,Mechanical fan,train/fan/350687_2.wav
/m/02x984l,Mechanical fan,train/fan/455467_96.wav
/m/02x984l,Mechanical fan,train/fan/443352_2.wav
/m/02x984l,Mechanical fan,train/fan/399925_1.wav
/m/02x984l,Mechanical fan,train/fan/421158_2.wav
/m/02x984l,Mechanical fan,train/fan/455467_21.wav
/m/02x984l,Mechanical fan,test/fan/251624_4.wav
/m/02x984l,Mechanical fan,train/fan/455467_27.wav
/m/02x984l,Mechanical fan,train/fan/139063_4.wav
/m/02x984l,Mechanical fan,train/fan/35215_4.wav
/m/02x984l,Mechanical fan,train/fan/455467_53.wav
/m/02x984l,Mechanical fan,train/fan/275430_3.wav
/m/02x984l,Mechanical fan,train/fan/47160.wav
/m/02x984l,Mechanical fan,train/fan/396963_1.wav
/m/02x984l,Mechanical fan,train/fan/102686_3.wav
/m/02x984l,Mechanical fan,train/fan/381206_46.wav
/m/02x984l,Mechanical fan,train/fan/167464_2.wav
/m/02x984l,Mechanical fan,train/fan/268655_1.wav
/m/02x984l,Mechanical fan,test/fan/251624_54.wav
/m/02x984l,Mechanical fan,train/fan/268655_3.wav
/m/02x984l,Mechanical fan,train/fan/452146_5.wav
/m/02x984l,Mechanical fan,train/fan/273627_2.wav
/m/02x984l,Mechanical fan,train/fan/217720_3.wav
/m/02x984l,Mechanical fan,test/fan/251624_33.wav
/m/02x984l,Mechanical fan,test/fan/251624_46.wav
/m/02x984l,Mechanical fan,train/fan/455467_35.wav
/m/02x984l,Mechanical fan,test/fan/251624_88.wav
/m/02x984l,Mechanical fan,train/fan/381206_59.wav
/m/02x984l,Mechanical fan,train/fan/384026_2.wav
/m/02x984l,Mechanical fan,train/fan/167460_2.wav
/m/02x984l,Mechanical fan,train/fan/177742_11.wav
/m/02x984l,Mechanical fan,test/fan/251624_36.wav
/m/02x984l,Mechanical fan,test/fan/251624_66.wav
/m/02x984l,Mechanical fan,test/fan/251624_40.wav
/m/02x984l,Mechanical fan,train/fan/177742_10.wav
/m/02x984l,Mechanical fan,train/fan/424464_2.wav
/m/02x984l,Mechanical fan,train/fan/346654_1.wav
/m/02x984l,Mechanical fan,test/fan/440122_1.wav
/m/02x984l,Mechanical fan,test/fan/251624_86.wav
/m/02x984l,Mechanical fan,train/fan/427861_4.wav
/m/02x984l,Mechanical fan,train/fan/74507_1.wav
/m/02x984l,Mechanical fan,train/fan/258094_1.wav
/m/02x984l,Mechanical fan,train/fan/274104_2.wav
/m/02x984l,Mechanical fan,train/fan/336378_1.wav
/m/02x984l,Mechanical fan,test/fan/251624_89.wav
/m/02x984l,Mechanical fan,train/fan/455467_30.wav
/m/02x984l,Mechanical fan,train/fan/386942_4.wav
/m/02x984l,Mechanical fan,train/fan/424464_1.wav
/m/02x984l,Mechanical fan,train/fan/455467_49.wav
/m/02x984l,Mechanical fan,train/fan/275431_6.wav
/m/02x984l,Mechanical fan,test/fan/73524_7.wav
/m/02x984l,Mechanical fan,train/fan/399251_2.wav
/m/02x984l,Mechanical fan,train/fan/322947.wav
/m/02x984l,Mechanical fan,train/fan/330264.wav
/m/02x984l,Mechanical fan,train/fan/455467_104.wav
/m/02x984l,Mechanical fan,train/fan/455467_8.wav
/m/02x984l,Mechanical fan,train/fan/455467_33.wav
/m/02x984l,Mechanical fan,train/fan/455467_42.wav
/m/02x984l,Mechanical fan,train/fan/452146_6.wav
/m/02x984l,Mechanical fan,test/fan/475233.wav
/m/02x984l,Mechanical fan,train/fan/195000_2.wav
/m/02x984l,Mechanical fan,train/fan/104017.wav
/m/02x984l,Mechanical fan,train/fan/102686_2.wav
/m/02x984l,Mechanical fan,train/fan/242042_3.wav
/m/02x984l,Mechanical fan,train/fan/394744_3.wav
/m/02x984l,Mechanical fan,train/fan/369858_4.wav
/m/02x984l,Mechanical fan,train/fan/275428_6.wav
/m/02x984l,Mechanical fan,train/fan/217720_7.wav
/m/02x984l,Mechanical fan,train/fan/452146_4.wav
/m/02x984l,Mechanical fan,test/fan/251624_21.wav
/m/02x984l,Mechanical fan,train/fan/370014_1.wav
/m/02x984l,Mechanical fan,train/fan/455467_80.wav
/m/02x984l,Mechanical fan,train/fan/240287_4.wav
/m/02x984l,Mechanical fan,train/fan/346654_14.wav
/m/02x984l,Mechanical fan,train/fan/455467_14.wav
/m/02x984l,Mechanical fan,train/fan/384027_1.wav
/m/02x984l,Mechanical fan,train/fan/340169.wav
/m/02x984l,Mechanical fan,train/fan/125393_2.wav
/m/02x984l,Mechanical fan,train/fan/455467_70.wav
/m/02x984l,Mechanical fan,train/fan/455467_95.wav
/m/02x984l,Mechanical fan,train/fan/125390_1.wav
/m/02x984l,Mechanical fan,train/fan/455467_91.wav
/m/02x984l,Mechanical fan,train/fan/275430_2.wav
/m/02x984l,Mechanical fan,train/fan/372548_1.wav
/m/02x984l,Mechanical fan,train/fan/459595_1.wav
/m/02x984l,Mechanical fan,train/fan/452146_27.wav
/m/02x984l,Mechanical fan,train/fan/102690_2.wav
/m/02x984l,Mechanical fan,test/fan/251624_74.wav
/m/02x984l,Mechanical fan,train/fan/74507_2.wav
/m/02x984l,Mechanical fan,train/fan/455467_7.wav
/m/02x984l,Mechanical fan,train/fan/429396.wav
/m/02x984l,Mechanical fan,train/fan/241870_2.wav
/m/02x984l,Mechanical fan,train/fan/217720_8.wav
/m/02x984l,Mechanical fan,train/fan/455467_61.wav
/m/02x984l,Mechanical fan,train/fan/455467_92.wav
/m/02x984l,Mechanical fan,train/fan/144026_2.wav
/m/02x984l,Mechanical fan,train/fan/381206_37.wav
/m/02x984l,Mechanical fan,train/fan/455467_52.wav
/m/02x984l,Mechanical fan,train/fan/139063_2.wav
/m/02x984l,Mechanical fan,train/fan/464159_1.wav
/m/02x984l,Mechanical fan,test/fan/251624_80.wav
/m/02x984l,Mechanical fan,train/fan/455467_50.wav
/m/02x984l,Mechanical fan,train/fan/275430_10.wav
/m/02x984l,Mechanical fan,train/fan/455467_66.wav
/m/02x984l,Mechanical fan,train/fan/381206_57.wav
/m/02x984l,Mechanical fan,train/fan/147926_3.wav
/m/02x984l,Mechanical fan,train/fan/138202.wav
/m/02x984l,Mechanical fan,train/fan/273627_11.wav
/m/02x984l,Mechanical fan,train/fan/370014_2.wav
/m/02x984l,Mechanical fan,train/fan/455467_94.wav
/m/02x984l,Mechanical fan,test/fan/178376_1.wav
/m/02x984l,Mechanical fan,train/fan/217720_4.wav
/m/02x984l,Mechanical fan,train/fan/455467_63.wav
/m/02x984l,Mechanical fan,train/fan/452146_9.wav
/m/02x984l,Mechanical fan,train/fan/468228_1.wav
/m/02x984l,Mechanical fan,test/fan/251624_87.wav
/m/02x984l,Mechanical fan,train/fan/25034_1.wav
/m/02x984l,Mechanical fan,train/fan/455467_84.wav
/m/02x984l,Mechanical fan,train/fan/330267_2.wav
/m/02x984l,Mechanical fan,train/fan/381206_19.wav
/m/02x984l,Mechanical fan,train/fan/219489.wav
/m/02x984l,Mechanical fan,train/fan/151977_1.wav
/m/02x984l,Mechanical fan,train/fan/437340_1.wav
/m/02x984l,Mechanical fan,train/fan/384021.wav
/m/02x984l,Mechanical fan,train/fan/464159_4.wav
/m/02x984l,Mechanical fan,train/fan/167459_2.wav
/m/02x984l,Mechanical fan,train/fan/455467_16.wav
/m/02x984l,Mechanical fan,train/fan/381206_32.wav
/m/02x984l,Mechanical fan,train/fan/455467_58.wav
/m/02x984l,Mechanical fan,train/fan/330266_2.wav
/m/02x984l,Mechanical fan,train/fan/189981_2.wav
/m/02x984l,Mechanical fan,train/fan/346654_23.wav
/m/02x984l,Mechanical fan,train/fan/146690_7.wav
/m/02x984l,Mechanical fan,train/fan/427861_2.wav
/m/02x984l,Mechanical fan,train/fan/240287_3.wav
/m/02x984l,Mechanical fan,train/fan/369858_3.wav
/m/02x984l,Mechanical fan,test/fan/73524_14.wav
/m/02x984l,Mechanical fan,train/fan/329714_2.wav
/m/02x984l,Mechanical fan,train/fan/146690_8.wav
/m/02x984l,Mechanical fan,train/fan/381206_14.wav
/m/02x984l,Mechanical fan,train/fan/435980_1.wav
/m/02x984l,Mechanical fan,test/fan/54383_2.wav
/m/02x984l,Mechanical fan,train/fan/138208_1.wav
/m/02x984l,Mechanical fan,train/fan/232701.wav
/m/02x984l,Mechanical fan,train/fan/437920_2.wav
/m/02x984l,Mechanical fan,test/fan/100852_3.wav
/m/02x984l,Mechanical fan,train/fan/455467_38.wav
/m/02x984l,Mechanical fan,train/fan/167460_1.wav
/m/02x984l,Mechanical fan,test/fan/73524_13.wav
/m/02x984l,Mechanical fan,train/fan/98942_2.wav
/m/02x984l,Mechanical fan,train/fan/455467_3.wav
/m/02x984l,Mechanical fan,train/fan/134717_2.wav
/m/02x984l,Mechanical fan,train/fan/381206_5.wav
/m/02x984l,Mechanical fan,train/fan/437342_5.wav
/m/02x984l,Mechanical fan,train/fan/488751_3.wav
/m/02x984l,Mechanical fan,train/fan/455467_106.wav
/m/02x984l,Mechanical fan,train/fan/474458_1.wav
/m/02x984l,Mechanical fan,train/fan/459594_2.wav
/m/02x984l,Mechanical fan,test/fan/251624_32.wav
/m/02x984l,Mechanical fan,train/fan/144026_8.wav
/m/02x984l,Mechanical fan,train/fan/386942_6.wav
/m/02x984l,Mechanical fan,train/fan/330265_1.wav
/m/02x984l,Mechanical fan,train/fan/399251_9.wav
/m/02x984l,Mechanical fan,train/fan/455467_29.wav
/m/02x984l,Mechanical fan,train/fan/341512_6.wav
/m/02x984l,Mechanical fan,train/fan/380839_3.wav
/m/02x984l,Mechanical fan,test/fan/251624_57.wav
/m/02x984l,Mechanical fan,test/fan/462648_1.wav
/m/02x984l,Mechanical fan,train/fan/346654_9.wav
/m/02x984l,Mechanical fan,test/fan/100852_1.wav
/m/02x984l,Mechanical fan,train/fan/453707_2.wav
/m/02x984l,Mechanical fan,train/fan/438727_1.wav
/m/02x984l,Mechanical fan,train/fan/381206_48.wav
/m/02x984l,Mechanical fan,test/fan/73524_3.wav
/m/02x984l,Mechanical fan,train/fan/394743_1.wav
/m/02x984l,Mechanical fan,train/fan/454264_2.wav
/m/02x984l,Mechanical fan,train/fan/452146_3.wav
/m/02x984l,Mechanical fan,test/fan/73524_15.wav
/m/02x984l,Mechanical fan,train/fan/384023_2.wav
/m/02x984l,Mechanical fan,train/fan/275431_11.wav
/m/02x984l,Mechanical fan,train/fan/262885_2.wav
/m/02x984l,Mechanical fan,test/fan/243810.wav
/m/02x984l,Mechanical fan,train/fan/472665_1.wav
/m/02x984l,Mechanical fan,train/fan/177726_1.wav
/m/02x984l,Mechanical fan,train/fan/139063_3.wav
/m/02x984l,Mechanical fan,train/fan/260681_3.wav
/m/02x984l,Mechanical fan,test/fan/251624_68.wav
/m/02x984l,Mechanical fan,train/fan/451748_1.wav
/m/02x984l,Mechanical fan,train/fan/369858_5.wav
/m/02x984l,Mechanical fan,train/fan/275428_5.wav
/m/02x984l,Mechanical fan,train/fan/403664_2.wav
/m/02x984l,Mechanical fan,train/fan/454263_1.wav
/m/02x984l,Mechanical fan,train/fan/350631.wav
/m/02x984l,Mechanical fan,train/fan/260681_9.wav
/m/02x984l,Mechanical fan,train/fan/336387_2.wav
/m/02x984l,Mechanical fan,train/fan/146709_1.wav
/m/02x984l,Mechanical fan,train/fan/488749_1.wav
/m/02x984l,Mechanical fan,train/fan/455467_44.wav
/m/02x984l,Mechanical fan,train/fan/260681_11.wav
/m/02x984l,Mechanical fan,test/fan/487496_4.wav
/m/02x984l,Mechanical fan,test/fan/251624_6.wav
/m/02x984l,Mechanical fan,train/fan/273627_5.wav
/m/02x984l,Mechanical fan,train/fan/25034_5.wav
/m/02x984l,Mechanical fan,train/fan/455467_87.wav
/m/02x984l,Mechanical fan,test/fan/251624_24.wav
/m/02x984l,Mechanical fan,train/fan/177726_4.wav
/m/02x984l,Mechanical fan,train/fan/146690_3.wav
/m/02x984l,Mechanical fan,train/fan/234918_1.wav
/m/02x984l,Mechanical fan,train/fan/275429_3.wav
/m/02x984l,Mechanical fan,train/fan/369662_5.wav
/m/02x984l,Mechanical fan,train/fan/167464_3.wav
/m/02x984l,Mechanical fan,train/fan/381206_3.wav
/m/02x984l,Mechanical fan,train/fan/455467_19.wav
/m/02x984l,Mechanical fan,train/fan/437340_5.wav
/m/02x984l,Mechanical fan,train/fan/259205_1.wav
/m/02x984l,Mechanical fan,train/fan/437340_2.wav
/m/02x984l,Mechanical fan,train/fan/365413_2.wav
/m/02x984l,Mechanical fan,train/fan/438727_3.wav
/m/02x984l,Mechanical fan,train/fan/346654_21.wav
/m/02x984l,Mechanical fan,train/fan/452146_24.wav
/m/02x984l,Mechanical fan,test/fan/251624_23.wav
/m/02x984l,Mechanical fan,train/fan/381206_33.wav
/m/02x984l,Mechanical fan,train/fan/381206_22.wav
/m/02x984l,Mechanical fan,train/fan/367176_1.wav
/m/02x984l,Mechanical fan,train/fan/275848.wav
/m/02x984l,Mechanical fan,train/fan/399251_10.wav
/m/02x984l,Mechanical fan,train/fan/260681_6.wav
/m/02x984l,Mechanical fan,train/fan/408049_2.wav
/m/02x984l,Mechanical fan,train/fan/398463_3.wav
/m/02x984l,Mechanical fan,train/fan/381206_45.wav
/m/02x984l,Mechanical fan,train/fan/138207.wav
/m/02x984l,Mechanical fan,train/fan/381206_16.wav
/m/02x984l,Mechanical fan,train/fan/146690_1.wav
/m/02x984l,Mechanical fan,train/fan/384024_2.wav
/m/02x984l,Mechanical fan,train/fan/454265_4.wav
/m/02x984l,Mechanical fan,train/fan/472668_1.wav
/m/02x984l,Mechanical fan,train/fan/243951_2.wav
/m/02x984l,Mechanical fan,train/fan/452146_29.wav
/m/02x984l,Mechanical fan,test/fan/251624_78.wav
/m/02x984l,Mechanical fan,train/fan/394743_3.wav
/m/02x984l,Mechanical fan,train/fan/273627_13.wav
/m/02x984l,Mechanical fan,train/fan/121286_1.wav
/m/02x984l,Mechanical fan,test/fan/251624_28.wav
/m/02x984l,Mechanical fan,train/fan/452146_7.wav
/m/02x984l,Mechanical fan,train/fan/177742_3.wav
/m/02x984l,Mechanical fan,train/fan/454263_3.wav
/m/02x984l,Mechanical fan,train/fan/384023_4.wav
/m/02x984l,Mechanical fan,train/fan/381423_1.wav
/m/02x984l,Mechanical fan,train/fan/455467_79.wav
/m/02x984l,Mechanical fan,train/fan/273627_12.wav
/m/02x984l,Mechanical fan,test/fan/251624_81.wav
/m/02x984l,Mechanical fan,train/fan/351790_2.wav
/m/02x984l,Mechanical fan,train/fan/438727_2.wav
/m/02x984l,Mechanical fan,train/fan/94729.wav
/m/02x984l,Mechanical fan,train/fan/352806.wav
/m/02x984l,Mechanical fan,test/fan/251624_69.wav
/m/02x984l,Mechanical fan,train/fan/372548_2.wav
/m/02x984l,Mechanical fan,train/fan/370014_5.wav
/m/02x984l,Mechanical fan,train/fan/243951_1.wav
/m/02x984l,Mechanical fan,train/fan/437342_2.wav
/m/02x984l,Mechanical fan,train/fan/438724_1.wav
/m/02x984l,Mechanical fan,train/fan/455467_46.wav
/m/02x984l,Mechanical fan,train/fan/455467_74.wav
/m/02x984l,Mechanical fan,test/fan/251624_71.wav
/m/02x984l,Mechanical fan,train/fan/275431_4.wav
/m/02x984l,Mechanical fan,train/fan/351790_7.wav
/m/02x984l,Mechanical fan,test/fan/251624_20.wav
/m/02x984l,Mechanical fan,train/fan/334946.wav
/m/02x984l,Mechanical fan,train/fan/452146_10.wav
/m/02x984l,Mechanical fan,train/fan/217720_9.wav
/m/02x984l,Mechanical fan,train/fan/268655_2.wav
/m/02x984l,Mechanical fan,train/fan/366100_1.wav
/m/02x984l,Mechanical fan,train/fan/273627_7.wav
/m/02x984l,Mechanical fan,train/fan/260681_15.wav
/m/02x984l,Mechanical fan,train/fan/455467_43.wav
/m/02x984l,Mechanical fan,train/fan/346654_15.wav
/m/02x984l,Mechanical fan,train/fan/74507_3.wav
/m/02x984l,Mechanical fan,train/fan/455467_102.wav
/m/02x984l,Mechanical fan,train/fan/424464_3.wav
/m/02x984l,Mechanical fan,train/fan/427861_5.wav
/m/02x984l,Mechanical fan,train/fan/452146_31.wav
/m/02x984l,Mechanical fan,train/fan/384019_1.wav
/m/02x984l,Mechanical fan,train/fan/330266_1.wav
/m/02x984l,Mechanical fan,train/fan/162103_1.wav
/m/02x984l,Mechanical fan,train/fan/146709_4.wav
/m/02x984l,Mechanical fan,train/fan/474458_5.wav
/m/02x984l,Mechanical fan,train/fan/451749_1.wav
/m/02x984l,Mechanical fan,train/fan/189982_1.wav
/m/02x984l,Mechanical fan,train/fan/369662_7.wav
/m/02x984l,Mechanical fan,train/fan/447543_1.wav
/m/02x984l,Mechanical fan,train/fan/384023_3.wav
/m/02x984l,Mechanical fan,train/fan/384024_1.wav
/m/02x984l,Mechanical fan,train/fan/381206_47.wav
/m/02x984l,Mechanical fan,train/fan/454265_5.wav
/m/02x984l,Mechanical fan,test/fan/251624_92.wav
/m/02x984l,Mechanical fan,test/fan/251624_19.wav
/m/02x984l,Mechanical fan,train/fan/63131_1.wav
/m/02x984l,Mechanical fan,train/fan/455467_69.wav
/m/02x984l,Mechanical fan,train/fan/455467_76.wav
/m/02x984l,Mechanical fan,train/fan/437341_1.wav
/m/02x984l,Mechanical fan,train/fan/258094_2.wav
/m/02x984l,Mechanical fan,test/fan/251624_76.wav
/m/02x984l,Mechanical fan,train/fan/472653.wav
/m/02x984l,Mechanical fan,train/fan/151977_2.wav
/m/0d31p,Vacuum cleaner,train/vacuum_cleaner/163069.wav
/m/0d31p,Vacuum cleaner,train/vacuum_cleaner/420188_2.wav
/m/0d31p,Vacuum cleaner,train/vacuum_cleaner/327387.wav
/m/0d31p,Vacuum cleaner,train/vacuum_cleaner/383372_1.wav
/m/0d31p,Vacuum cleaner,train/vacuum_cleaner/454206_2.wav
/m/0d31p,Vacuum cleaner,train/vacuum_cleaner/460568_14.wav
/m/0d31p,Vacuum cleaner,train/vacuum_cleaner/265966_14.wav
/m/0d31p,Vacuum cleaner,train/vacuum_cleaner/122821_1.wav
/m/0d31p,Vacuum cleaner,train/vacuum_cleaner/150991_1.wav
/m/0d31p,Vacuum cleaner,train/vacuum_cleaner/122761.wav
/m/0d31p,Vacuum cleaner,train/vacuum_cleaner/460568_9.wav
/m/0d31p,Vacuum cleaner,test/vacuum_cleaner/342995_13.wav
/m/0d31p,Vacuum cleaner,train/vacuum_cleaner/460568_18.wav
/m/0d31p,Vacuum cleaner,train/vacuum_cleaner/460568_4.wav
/m/0d31p,Vacuum cleaner,train/vacuum_cleaner/386160_2.wav
/m/0d31p,Vacuum cleaner,train/vacuum_cleaner/172737_1.wav
/m/0d31p,Vacuum cleaner,train/vacuum_cleaner/336316_3.wav
/m/0d31p,Vacuum cleaner,train/vacuum_cleaner/265966_1.wav
/m/0d31p,Vacuum cleaner,train/vacuum_cleaner/383371_3.wav
/m/0d31p,Vacuum cleaner,train/vacuum_cleaner/50763.wav
/m/0d31p,Vacuum cleaner,train/vacuum_cleaner/460568_19.wav
/m/0d31p,Vacuum cleaner,train/vacuum_cleaner/386160_3.wav
/m/0d31p,Vacuum cleaner,train/vacuum_cleaner/82417_2.wav
/m/0d31p,Vacuum cleaner,train/vacuum_cleaner/67421_3.wav
/m/0d31p,Vacuum cleaner,test/vacuum_cleaner/342995_17.wav
/m/0d31p,Vacuum cleaner,train/vacuum_cleaner/178256_2.wav
/m/0d31p,Vacuum cleaner,train/vacuum_cleaner/78231_1.wav
/m/0d31p,Vacuum cleaner,train/vacuum_cleaner/154964_6.wav
/m/0d31p,Vacuum cleaner,train/vacuum_cleaner/265966_27.wav
/m/0d31p,Vacuum cleaner,train/vacuum_cleaner/159348_1.wav
/m/0d31p,Vacuum cleaner,train/vacuum_cleaner/94284_1.wav
/m/0d31p,Vacuum cleaner,train/vacuum_cleaner/336316_5.wav
/m/0d31p,Vacuum cleaner,train/vacuum_cleaner/265966_30.wav
/m/0d31p,Vacuum cleaner,train/vacuum_cleaner/252654_2.wav
/m/0d31p,Vacuum cleaner,test/vacuum_cleaner/188365_1.wav
/m/0d31p,Vacuum cleaner,train/vacuum_cleaner/336318_8.wav
/m/0d31p,Vacuum cleaner,train/vacuum_cleaner/489695_15.wav
/m/0d31p,Vacuum cleaner,train/vacuum_cleaner/394765_8.wav
/m/0d31p,Vacuum cleaner,train/vacuum_cleaner/263902_3.wav
/m/0d31p,Vacuum cleaner,train/vacuum_cleaner/426880_8.wav
/m/0d31p,Vacuum cleaner,train/vacuum_cleaner/489695_10.wav
/m/0d31p,Vacuum cleaner,train/vacuum_cleaner/426880_7.wav
/m/0d31p,Vacuum cleaner,train/vacuum_cleaner/265966_58.wav
/m/0d31p,Vacuum cleaner,train/vacuum_cleaner/265966_56.wav
/m/0d31p,Vacuum cleaner,train/vacuum_cleaner/32670.wav
/m/0d31p,Vacuum cleaner,test/vacuum_cleaner/342995_3.wav
/m/0d31p,Vacuum cleaner,train/vacuum_cleaner/231551_2.wav
/m/0d31p,Vacuum cleaner,train/vacuum_cleaner/489695_16.wav
/m/0d31p,Vacuum cleaner,train/vacuum_cleaner/178256_1.wav
/m/0d31p,Vacuum cleaner,train/vacuum_cleaner/394765_5.wav
/m/0d31p,Vacuum cleaner,train/vacuum_cleaner/19872_2.wav
/m/0d31p,Vacuum cleaner,train/vacuum_cleaner/393429_1.wav
/m/0d31p,Vacuum cleaner,train/vacuum_cleaner/265966_81.wav
/m/0d31p,Vacuum cleaner,train/vacuum_cleaner/263902_1.wav
/m/0d31p,Vacuum cleaner,train/vacuum_cleaner/394765_2.wav
/m/0d31p,Vacuum cleaner,test/vacuum_cleaner/342995_16.wav
/m/0d31p,Vacuum cleaner,train/vacuum_cleaner/328908.wav
/m/0d31p,Vacuum cleaner,test/vacuum_cleaner/342995_6.wav
/m/0d31p,Vacuum cleaner,train/vacuum_cleaner/265966_72.wav
/m/0d31p,Vacuum cleaner,train/vacuum_cleaner/265966_22.wav
/m/0d31p,Vacuum cleaner,train/vacuum_cleaner/60460_1.wav
/m/0d31p,Vacuum cleaner,train/vacuum_cleaner/336316_7.wav
/m/0d31p,Vacuum cleaner,train/vacuum_cleaner/265966_16.wav
/m/0d31p,Vacuum cleaner,train/vacuum_cleaner/265966_38.wav
/m/0d31p,Vacuum cleaner,train/vacuum_cleaner/79236.wav
/m/0d31p,Vacuum cleaner,train/vacuum_cleaner/489695_9.wav
/m/0d31p,Vacuum cleaner,train/vacuum_cleaner/141682_2.wav
/m/0d31p,Vacuum cleaner,train/vacuum_cleaner/144872_1.wav
/m/0d31p,Vacuum cleaner,train/vacuum_cleaner/460568_2.wav
/m/0d31p,Vacuum cleaner,train/vacuum_cleaner/60460_4.wav
/m/0d31p,Vacuum cleaner,train/vacuum_cleaner/349694.wav
/m/0d31p,Vacuum cleaner,test/vacuum_cleaner/169981_1.wav
/m/0d31p,Vacuum cleaner,train/vacuum_cleaner/265966_65.wav
/m/0d31p,Vacuum cleaner,train/vacuum_cleaner/420188_1.wav
/m/0d31p,Vacuum cleaner,train/vacuum_cleaner/388017_1.wav
/m/0d31p,Vacuum cleaner,train/vacuum_cleaner/212054.wav
/m/0d31p,Vacuum cleaner,train/vacuum_cleaner/336318_2.wav
/m/0d31p,Vacuum cleaner,train/vacuum_cleaner/231551_1.wav
/m/0d31p,Vacuum cleaner,train/vacuum_cleaner/265966_47.wav
/m/0d31p,Vacuum cleaner,train/vacuum_cleaner/179205_2.wav
/m/0d31p,Vacuum cleaner,train/vacuum_cleaner/265966_19.wav
/m/0d31p,Vacuum cleaner,train/vacuum_cleaner/489695_17.wav
/m/0d31p,Vacuum cleaner,train/vacuum_cleaner/82417_1.wav
/m/0d31p,Vacuum cleaner,train/vacuum_cleaner/66371_3.wav
/m/0d31p,Vacuum cleaner,train/vacuum_cleaner/265966_57.wav
/m/0d31p,Vacuum cleaner,train/vacuum_cleaner/265966_54.wav
/m/0d31p,Vacuum cleaner,train/vacuum_cleaner/460568_6.wav
/m/0d31p,Vacuum cleaner,train/vacuum_cleaner/19840_1.wav
/m/0d31p,Vacuum cleaner,train/vacuum_cleaner/265966_31.wav
/m/0d31p,Vacuum cleaner,train/vacuum_cleaner/265966_85.wav
/m/0d31p,Vacuum cleaner,train/vacuum_cleaner/144872_2.wav
/m/0d31p,Vacuum cleaner,train/vacuum_cleaner/489695_4.wav
/m/0d31p,Vacuum cleaner,train/vacuum_cleaner/269466.wav
/m/0d31p,Vacuum cleaner,test/vacuum_cleaner/352272.wav
/m/0d31p,Vacuum cleaner,train/vacuum_cleaner/318556.wav
/m/0d31p,Vacuum cleaner,train/vacuum_cleaner/318555.wav
/m/0d31p,Vacuum cleaner,train/vacuum_cleaner/78231_2.wav
/m/0d31p,Vacuum cleaner,train/vacuum_cleaner/71936_3.wav
/m/0d31p,Vacuum cleaner,train/vacuum_cleaner/336316_6.wav
/m/0d31p,Vacuum cleaner,train/vacuum_cleaner/63981_5.wav
/m/0d31p,Vacuum cleaner,train/vacuum_cleaner/106073.wav
/m/0d31p,Vacuum cleaner,train/vacuum_cleaner/66371_7.wav
/m/0d31p,Vacuum cleaner,train/vacuum_cleaner/78231_3.wav
/m/0d31p,Vacuum cleaner,train/vacuum_cleaner/154783_1.wav
/m/0d31p,Vacuum cleaner,train/vacuum_cleaner/265966_77.wav
/m/0d31p,Vacuum cleaner,test/vacuum_cleaner/152533.wav
/m/0d31p,Vacuum cleaner,train/vacuum_cleaner/460568_21.wav
/m/0d31p,Vacuum cleaner,test/vacuum_cleaner/342995_9.wav
/m/0d31p,Vacuum cleaner,train/vacuum_cleaner/460568_7.wav
/m/0d31p,Vacuum cleaner,train/vacuum_cleaner/154964_2.wav
/m/0d31p,Vacuum cleaner,train/vacuum_cleaner/336317_10.wav
/m/0d31p,Vacuum cleaner,train/vacuum_cleaner/426880_6.wav
/m/0d31p,Vacuum cleaner,train/vacuum_cleaner/460568_23.wav
/m/0d31p,Vacuum cleaner,train/vacuum_cleaner/383372_2.wav
/m/0d31p,Vacuum cleaner,test/vacuum_cleaner/342995_7.wav
/m/0d31p,Vacuum cleaner,train/vacuum_cleaner/454206_1.wav
/m/0d31p,Vacuum cleaner,train/vacuum_cleaner/265966_35.wav
/m/0d31p,Vacuum cleaner,test/vacuum_cleaner/352271.wav
/m/0d31p,Vacuum cleaner,train/vacuum_cleaner/426880_1.wav
/m/0d31p,Vacuum cleaner,train/vacuum_cleaner/94743.wav
/m/0d31p,Vacuum cleaner,train/vacuum_cleaner/182007_2.wav
/m/0d31p,Vacuum cleaner,train/vacuum_cleaner/179205_3.wav
/m/0d31p,Vacuum cleaner,train/vacuum_cleaner/460568_26.wav
/m/0d31p,Vacuum cleaner,train/vacuum_cleaner/393429_2.wav
/m/0d31p,Vacuum cleaner,train/vacuum_cleaner/399927_1.wav
/m/0d31p,Vacuum cleaner,train/vacuum_cleaner/106074_1.wav
/m/0d31p,Vacuum cleaner,train/vacuum_cleaner/48227.wav
/m/0d31p,Vacuum cleaner,train/vacuum_cleaner/265966_32.wav
/m/0d31p,Vacuum cleaner,train/vacuum_cleaner/159346_2.wav
/m/0d31p,Vacuum cleaner,train/vacuum_cleaner/483361_2.wav
/m/0d31p,Vacuum cleaner,train/vacuum_cleaner/48228.wav
/m/0d31p,Vacuum cleaner,train/vacuum_cleaner/189735_3.wav
/m/0d31p,Vacuum cleaner,train/vacuum_cleaner/205693_1.wav
/m/0d31p,Vacuum cleaner,train/vacuum_cleaner/265966_60.wav
/m/0d31p,Vacuum cleaner,train/vacuum_cleaner/327511.wav
/m/0d31p,Vacuum cleaner,train/vacuum_cleaner/146200.wav
/m/0d31p,Vacuum cleaner,train/vacuum_cleaner/141681_1.wav
/m/0d31p,Vacuum cleaner,test/vacuum_cleaner/353088_1.wav
/m/0d31p,Vacuum cleaner,train/vacuum_cleaner/265966_20.wav
/m/0d31p,Vacuum cleaner,train/vacuum_cleaner/460568_29.wav
/m/0d31p,Vacuum cleaner,train/vacuum_cleaner/454206_4.wav
/m/0d31p,Vacuum cleaner,train/vacuum_cleaner/482754_1.wav
/m/0d31p,Vacuum cleaner,train/vacuum_cleaner/437202_1.wav
/m/0d31p,Vacuum cleaner,train/vacuum_cleaner/265966_29.wav
/m/0d31p,Vacuum cleaner,train/vacuum_cleaner/489695_3.wav
/m/0d31p,Vacuum cleaner,train/vacuum_cleaner/66371_4.wav
/m/0d31p,Vacuum cleaner,train/vacuum_cleaner/454206_3.wav
/m/0d31p,Vacuum cleaner,train/vacuum_cleaner/383371_2.wav
/m/0d31p,Vacuum cleaner,train/vacuum_cleaner/159346_1.wav
/m/0d31p,Vacuum cleaner,train/vacuum_cleaner/189735_2.wav
/m/0d31p,Vacuum cleaner,train/vacuum_cleaner/266099.wav
/m/0d31p,Vacuum cleaner,train/vacuum_cleaner/100210_1.wav
/m/0d31p,Vacuum cleaner,train/vacuum_cleaner/265966_67.wav
/m/0d31p,Vacuum cleaner,train/vacuum_cleaner/386160_1.wav
/m/0d31p,Vacuum cleaner,train/vacuum_cleaner/265966_53.wav
/m/0d31p,Vacuum cleaner,train/vacuum_cleaner/82416.wav
/m/0d31p,Vacuum cleaner,train/vacuum_cleaner/394765_6.wav
/m/0d31p,Vacuum cleaner,train/vacuum_cleaner/172736_2.wav
/m/0d31p,Vacuum cleaner,train/vacuum_cleaner/394765_3.wav
/m/0d31p,Vacuum cleaner,train/vacuum_cleaner/265966_42.wav
/m/0d31p,Vacuum cleaner,train/vacuum_cleaner/265966_64.wav
/m/0d31p,Vacuum cleaner,train/vacuum_cleaner/386151_1.wav
/m/0d31p,Vacuum cleaner,train/vacuum_cleaner/182012_2.wav
/m/0d31p,Vacuum cleaner,train/vacuum_cleaner/426880_3.wav
/m/0d31p,Vacuum cleaner,train/vacuum_cleaner/265966_62.wav
/m/0d31p,Vacuum cleaner,test/vacuum_cleaner/342995_20.wav
/m/0d31p,Vacuum cleaner,train/vacuum_cleaner/265966_39.wav
/m/0d31p,Vacuum cleaner,test/vacuum_cleaner/461448.wav
/m/0d31p,Vacuum cleaner,test/vacuum_cleaner/274730_7.wav
/m/0d31p,Vacuum cleaner,train/vacuum_cleaner/460568_25.wav
/m/0d31p,Vacuum cleaner,test/vacuum_cleaner/274730_6.wav
/m/0d31p,Vacuum cleaner,test/vacuum_cleaner/274730_3.wav
/m/0d31p,Vacuum cleaner,train/vacuum_cleaner/460568_20.wav
/m/0d31p,Vacuum cleaner,train/vacuum_cleaner/397277_1.wav
/m/0d31p,Vacuum cleaner,train/vacuum_cleaner/483361_1.wav
/m/0d31p,Vacuum cleaner,train/vacuum_cleaner/394765_7.wav
/m/0d31p,Vacuum cleaner,train/vacuum_cleaner/94293.wav
/m/0d31p,Vacuum cleaner,train/vacuum_cleaner/265966_66.wav
/m/0d31p,Vacuum cleaner,train/vacuum_cleaner/67421_5.wav
/m/0d31p,Vacuum cleaner,train/vacuum_cleaner/336316_4.wav
/m/0d31p,Vacuum cleaner,train/vacuum_cleaner/424677.wav
/m/0d31p,Vacuum cleaner,train/vacuum_cleaner/265966_84.wav
/m/0d31p,Vacuum cleaner,train/vacuum_cleaner/212059.wav
/m/0d31p,Vacuum cleaner,train/vacuum_cleaner/265966_8.wav
/m/0d31p,Vacuum cleaner,train/vacuum_cleaner/336317_5.wav
/m/0d31p,Vacuum cleaner,train/vacuum_cleaner/60460_3.wav
/m/0d31p,Vacuum cleaner,train/vacuum_cleaner/489695_2.wav
/m/0d31p,Vacuum cleaner,train/vacuum_cleaner/460568_16.wav
/m/0d31p,Vacuum cleaner,train/vacuum_cleaner/265966_23.wav
/m/0d31p,Vacuum cleaner,train/vacuum_cleaner/265966_43.wav
/m/0d31p,Vacuum cleaner,train/vacuum_cleaner/81573_1.wav
/m/0d31p,Vacuum cleaner,train/vacuum_cleaner/265966_26.wav
/m/0d31p,Vacuum cleaner,train/vacuum_cleaner/172732.wav
/m/0d31p,Vacuum cleaner,train/vacuum_cleaner/336318_1.wav
/m/0d31p,Vacuum cleaner,train/vacuum_cleaner/489695_14.wav
/m/0d31p,Vacuum cleaner,train/vacuum_cleaner/60460_6.wav
/m/0d31p,Vacuum cleaner,train/vacuum_cleaner/182009_2.wav
/m/0d31p,Vacuum cleaner,train/vacuum_cleaner/460568_30.wav
/m/0d31p,Vacuum cleaner,train/vacuum_cleaner/244328_1.wav
/m/0d31p,Vacuum cleaner,train/vacuum_cleaner/265966_46.wav
/m/0d31p,Vacuum cleaner,train/vacuum_cleaner/135429_1.wav
/m/0d31p,Vacuum cleaner,train/vacuum_cleaner/66371_6.wav
/m/0d31p,Vacuum cleaner,train/vacuum_cleaner/265966_5.wav
/m/0d31p,Vacuum cleaner,train/vacuum_cleaner/336318_10.wav
/m/0d31p,Vacuum cleaner,train/vacuum_cleaner/265966_59.wav
/m/0d31p,Vacuum cleaner,train/vacuum_cleaner/336317_6.wav
/m/0d31p,Vacuum cleaner,train/vacuum_cleaner/66371_2.wav
/m/0d31p,Vacuum cleaner,train/vacuum_cleaner/265966_45.wav
/m/0d31p,Vacuum cleaner,train/vacuum_cleaner/179205_1.wav
/m/0d31p,Vacuum cleaner,train/vacuum_cleaner/124041_1.wav
/m/0d31p,Vacuum cleaner,train/vacuum_cleaner/265966_6.wav
/m/0d31p,Vacuum cleaner,train/vacuum_cleaner/460568_3.wav
/m/0d31p,Vacuum cleaner,train/vacuum_cleaner/265966_75.wav
/m/0d31p,Vacuum cleaner,train/vacuum_cleaner/265966_68.wav
/m/0d31p,Vacuum cleaner,train/vacuum_cleaner/350962_7.wav
/m/0d31p,Vacuum cleaner,test/vacuum_cleaner/353088_3.wav
/m/0d31p,Vacuum cleaner,train/vacuum_cleaner/207866.wav
/m/0d31p,Vacuum cleaner,train/vacuum_cleaner/179205_5.wav
/m/0d31p,Vacuum cleaner,train/vacuum_cleaner/66371_1.wav
/m/0d31p,Vacuum cleaner,train/vacuum_cleaner/350962_2.wav
/m/0d31p,Vacuum cleaner,train/vacuum_cleaner/154964_7.wav
/m/0d31p,Vacuum cleaner,train/vacuum_cleaner/265966_12.wav
/m/0d31p,Vacuum cleaner,test/vacuum_cleaner/274730_2.wav
/m/0d31p,Vacuum cleaner,train/vacuum_cleaner/265966_82.wav
/m/0d31p,Vacuum cleaner,train/vacuum_cleaner/63981_2.wav
/m/0d31p,Vacuum cleaner,train/vacuum_cleaner/397277_2.wav
/m/0d31p,Vacuum cleaner,train/vacuum_cleaner/159348_3.wav
/m/0d31p,Vacuum cleaner,train/vacuum_cleaner/47000_2.wav
/m/0d31p,Vacuum cleaner,train/vacuum_cleaner/336318_6.wav
/m/0d31p,Vacuum cleaner,train/vacuum_cleaner/15429.wav
/m/0d31p,Vacuum cleaner,test/vacuum_cleaner/342995_15.wav
/m/0d31p,Vacuum cleaner,train/vacuum_cleaner/150991_3.wav
/m/0d31p,Vacuum cleaner,train/vacuum_cleaner/460568_12.wav
/m/0d31p,Vacuum cleaner,train/vacuum_cleaner/336318_4.wav
/m/0d31p,Vacuum cleaner,train/vacuum_cleaner/122820_1.wav
/m/0d31p,Vacuum cleaner,train/vacuum_cleaner/383371_1.wav
/m/0d31p,Vacuum cleaner,test/vacuum_cleaner/249575.wav
/m/0d31p,Vacuum cleaner,train/vacuum_cleaner/63981_1.wav
/m/0d31p,Vacuum cleaner,train/vacuum_cleaner/265966_79.wav
/m/0d31p,Vacuum cleaner,train/vacuum_cleaner/460568_17.wav
/m/0d31p,Vacuum cleaner,train/vacuum_cleaner/265966_17.wav
/m/0d31p,Vacuum cleaner,train/vacuum_cleaner/350962_6.wav
/m/0d31p,Vacuum cleaner,train/vacuum_cleaner/336318_3.wav
/m/0d31p,Vacuum cleaner,train/vacuum_cleaner/265966_89.wav
/m/0d31p,Vacuum cleaner,train/vacuum_cleaner/336318_7.wav
/m/0d31p,Vacuum cleaner,train/vacuum_cleaner/460568_8.wav
/m/0d31p,Vacuum cleaner,train/vacuum_cleaner/265966_15.wav
/m/0d31p,Vacuum cleaner,train/vacuum_cleaner/213567.wav
/m/0d31p,Vacuum cleaner,train/vacuum_cleaner/195835_1.wav
/m/0d31p,Vacuum cleaner,train/vacuum_cleaner/265966_88.wav
/m/0d31p,Vacuum cleaner,train/vacuum_cleaner/350962_5.wav
/m/0d31p,Vacuum cleaner,test/vacuum_cleaner/152532.wav
/m/0d31p,Vacuum cleaner,train/vacuum_cleaner/489695_6.wav
/m/0d31p,Vacuum cleaner,train/vacuum_cleaner/336316_2.wav
/m/0d31p,Vacuum cleaner,train/vacuum_cleaner/154964_9.wav
/m/0d31p,Vacuum cleaner,test/vacuum_cleaner/342995_1.wav
/m/0d31p,Vacuum cleaner,train/vacuum_cleaner/178255_1.wav
/m/0d31p,Vacuum cleaner,train/vacuum_cleaner/265966_40.wav
/m/0d31p,Vacuum cleaner,train/vacuum_cleaner/265966_69.wav
/m/0d31p,Vacuum cleaner,train/vacuum_cleaner/336317_1.wav
/m/0d31p,Vacuum cleaner,train/vacuum_cleaner/182009_1.wav
/m/0d31p,Vacuum cleaner,test/vacuum_cleaner/342995_12.wav
/m/0d31p,Vacuum cleaner,test/vacuum_cleaner/30215_1.wav
/m/0d31p,Vacuum cleaner,train/vacuum_cleaner/81573_2.wav
/m/0d31p,Vacuum cleaner,train/vacuum_cleaner/265966_18.wav
/m/0d31p,Vacuum cleaner,test/vacuum_cleaner/30215_2.wav
/m/0d31p,Vacuum cleaner,train/vacuum_cleaner/207321.wav
/m/0d31p,Vacuum cleaner,train/vacuum_cleaner/189735_1.wav
/m/0d31p,Vacuum cleaner,train/vacuum_cleaner/265966_50.wav
/m/0d31p,Vacuum cleaner,train/vacuum_cleaner/426880_2.wav
/m/0d31p,Vacuum cleaner,train/vacuum_cleaner/182012_1.wav
/m/0d31p,Vacuum cleaner,train/vacuum_cleaner/265966_24.wav
/m/02pjr4,Blender,test/blender/170745_1.wav
/m/02pjr4,Blender,test/blender/220777.wav
/m/02pjr4,Blender,test/blender/178724_1.wav
/m/02pjr4,Blender,test/blender/245423_2.wav
/m/02pjr4,Blender,test/blender/245423_3.wav
/m/02pjr4,Blender,test/blender/158737.wav
/m/02pjr4,Blender,test/blender/334515.wav
/m/02pjr4,Blender,test/blender/272191_1.wav
/m/02pjr4,Blender,test/blender/459397.wav
/m/02pjr4,Blender,test/blender/71791.wav
/m/02pjr4,Blender,test/blender/173319.wav
/m/02pjr4,Blender,test/blender/59327_2.wav
/m/02pjr4,Blender,test/blender/220806.wav
/m/02pjr4,Blender,test/blender/459394_1.wav
/m/02pjr4,Blender,test/blender/178399.wav
/m/02pjr4,Blender,test/blender/46748.wav
/m/02pjr4,Blender,test/blender/187340.wav
/m/02pjr4,Blender,test/blender/46750.wav
/m/02pjr4,Blender,test/blender/362765.wav
/m/02pjr4,Blender,test/blender/254498.wav
/m/02pjr4,Blender,test/blender/202718_2.wav
/m/02pjr4,Blender,test/blender/178493.wav
/m/02pjr4,Blender,test/blender/398961_6.wav
/m/02pjr4,Blender,test/blender/387710_1.wav
/m/02pjr4,Blender,test/blender/1001.wav
/m/02pjr4,Blender,test/blender/181625_1.wav
/m/02pjr4,Blender,test/blender/22620_1.wav
/m/02pjr4,Blender,test/blender/245423_4.wav
/m/02pjr4,Blender,test/blender/353530.wav
/m/02pjr4,Blender,test/blender/22620_3.wav
/m/02pjr4,Blender,test/blender/398961_4.wav
/m/02pjr4,Blender,test/blender/398961_5.wav
/m/02pjr4,Blender,test/blender/71783.wav
/m/02pjr4,Blender,test/blender/181625_2.wav
/m/02pjr4,Blender,test/blender/87621_2.wav
/m/02pjr4,Blender,test/blender/178724_2.wav
/m/02pjr4,Blender,test/blender/157708.wav
/m/02pjr4,Blender,test/blender/353529.wav
/m/02pjr4,Blender,test/blender/459394_2.wav
/m/02pjr4,Blender,test/blender/366521.wav
/m/02pjr4,Blender,test/blender/258008_2.wav
/m/02pjr4,Blender,test/blender/220768_2.wav
/m/02pjr4,Blender,test/blender/398961_3.wav
/m/02pjr4,Blender,test/blender/1002.wav
/m/02pjr4,Blender,test/blender/220774_1.wav
/m/02pjr4,Blender,test/blender/59327_1.wav
/m/02pjr4,Blender,test/blender/258008_1.wav
/m/02pjr4,Blender,test/blender/220796.wav
/m/02pjr4,Blender,test/blender/46749.wav
/m/02pjr4,Blender,test/blender/398961_7.wav
/m/02pjr4,Blender,test/blender/98053.wav
/m/02pjr4,Blender,test/blender/344652.wav
/m/02pjr4,Blender,test/blender/245424.wav
/m/02pjr4,Blender,test/blender/181625_4.wav
/m/012xff,Toothbrush,test/electric_shaver_toothbrush/336550_1.wav
/m/012xff,Toothbrush,test/electric_shaver_toothbrush/60828.wav
/m/012xff,Toothbrush,test/electric_shaver_toothbrush/188900_1.wav
/m/012xff,Toothbrush,test/electric_shaver_toothbrush/35021.wav
/m/012xff,Toothbrush,test/electric_shaver_toothbrush/188893_2.wav
/m/012xff,Toothbrush,test/electric_shaver_toothbrush/252841_4.wav
/m/012xff,Toothbrush,test/electric_shaver_toothbrush/366069_1.wav
/m/012xff,Toothbrush,test/electric_shaver_toothbrush/367999.wav
/m/012xff,Toothbrush,test/electric_shaver_toothbrush/188893_1.wav
/m/012xff,Toothbrush,test/electric_shaver_toothbrush/328985_3.wav
/m/012xff,Toothbrush,test/electric_shaver_toothbrush/188902_2.wav
/m/012xff,Toothbrush,test/electric_shaver_toothbrush/60498.wav
/m/012xff,Toothbrush,test/electric_shaver_toothbrush/168877.wav
/m/012xff,Toothbrush,test/electric_shaver_toothbrush/188900_2.wav
/m/012xff,Toothbrush,test/electric_shaver_toothbrush/91516.wav
/m/012xff,Toothbrush,test/electric_shaver_toothbrush/250011_3.wav
/m/012xff,Toothbrush,test/electric_shaver_toothbrush/144969_2.wav
/m/012xff,Toothbrush,test/electric_shaver_toothbrush/168874.wav
/m/012xff,Toothbrush,test/electric_shaver_toothbrush/168876.wav
/m/012xff,Toothbrush,test/electric_shaver_toothbrush/144969_1.wav
/m/012xff,Toothbrush,test/electric_shaver_toothbrush/235566_1.wav
/m/012xff,Toothbrush,test/electric_shaver_toothbrush/235566_2.wav
/m/012xff,Toothbrush,test/electric_shaver_toothbrush/94298_2.wav
/m/012xff,Toothbrush,test/electric_shaver_toothbrush/50856_1.wav
/m/012xff,Toothbrush,test/electric_shaver_toothbrush/336550_2.wav
/m/012xff,Toothbrush,test/electric_shaver_toothbrush/393536_2.wav
/m/012xff,Toothbrush,test/electric_shaver_toothbrush/64453.wav
/m/012xff,Toothbrush,test/electric_shaver_toothbrush/118102_1.wav
/m/012xff,Toothbrush,test/electric_shaver_toothbrush/235964_1.wav
/m/012xff,Toothbrush,test/electric_shaver_toothbrush/91517.wav
/m/012xff,Toothbrush,test/electric_shaver_toothbrush/250011_2.wav
/m/012xff,Toothbrush,test/electric_shaver_toothbrush/250011_1.wav
/m/012xff,Toothbrush,test/electric_shaver_toothbrush/188364_2.wav
/m/012xff,Toothbrush,test/electric_shaver_toothbrush/126392_2.wav
/m/012xff,Toothbrush,test/electric_shaver_toothbrush/328985_4.wav
/m/012xff,Toothbrush,test/electric_shaver_toothbrush/187604.wav
/m/012xff,Toothbrush,test/electric_shaver_toothbrush/239565_2.wav
/m/012xff,Toothbrush,test/electric_shaver_toothbrush/188364_4.wav
/m/012xff,Toothbrush,test/electric_shaver_toothbrush/50856_5.wav
/m/012xff,Toothbrush,test/electric_shaver_toothbrush/119443_1.wav
/m/012xff,Toothbrush,test/electric_shaver_toothbrush/393536_1.wav
/m/012xff,Toothbrush,test/electric_shaver_toothbrush/50856_2.wav
/m/012xff,Toothbrush,test/electric_shaver_toothbrush/188364_1.wav
/m/012xff,Toothbrush,test/electric_shaver_toothbrush/137007_1.wav
/m/012xff,Toothbrush,test/electric_shaver_toothbrush/168875.wav
/m/012xff,Toothbrush,test/electric_shaver_toothbrush/352511_3.wav
/m/0dxrf,Frying (food),test/frying/65931_1.wav
/m/0dxrf,Frying (food),test/frying/232245_3.wav
/m/0dxrf,Frying (food),test/frying/175295.wav
/m/0dxrf,Frying (food),test/frying/277512_2.wav
/m/0dxrf,Frying (food),test/frying/53293_3.wav
/m/0dxrf,Frying (food),test/frying/86028.wav
/m/0dxrf,Frying (food),test/frying/403333_2.wav
/m/0dxrf,Frying (food),test/frying/15292.wav
/m/0dxrf,Frying (food),test/frying/138048_2.wav
/m/0dxrf,Frying (food),test/frying/138048_1.wav
/m/0dxrf,Frying (food),test/frying/183673_1.wav
/m/0dxrf,Frying (food),test/frying/179675.wav
/m/0dxrf,Frying (food),test/frying/351406.wav
/m/0dxrf,Frying (food),test/frying/413554_1.wav
/m/0dxrf,Frying (food),test/frying/384084.wav
/m/0dxrf,Frying (food),test/frying/339482_1.wav
/m/0dxrf,Frying (food),test/frying/403531_2.wav
/m/0dxrf,Frying (food),test/frying/152659_2.wav
/m/0dxrf,Frying (food),test/frying/411933_1.wav
/m/0dxrf,Frying (food),test/frying/182393_2.wav
/m/0dxrf,Frying (food),test/frying/119116.wav
/m/0dxrf,Frying (food),test/frying/428863_2.wav
/m/0dxrf,Frying (food),test/frying/215143_1.wav
/m/0dxrf,Frying (food),test/frying/408719_1.wav
/m/0dxrf,Frying (food),test/frying/417913_1.wav
/m/0dxrf,Frying (food),test/frying/232245_1.wav
/m/0dxrf,Frying (food),test/frying/104379_2.wav
/m/0dxrf,Frying (food),test/frying/71149_1.wav
/m/0dxrf,Frying (food),test/frying/378702_1.wav
/m/0dxrf,Frying (food),test/frying/185446.wav
/m/0dxrf,Frying (food),test/frying/183673_3.wav
/m/0dxrf,Frying (food),test/frying/366068.wav
/m/0dxrf,Frying (food),test/frying/413554_2.wav
/m/0dxrf,Frying (food),test/frying/71149_3.wav
/m/0dxrf,Frying (food),test/frying/169073.wav
/m/0dxrf,Frying (food),test/frying/104379_1.wav
/m/0dxrf,Frying (food),test/frying/16754.wav
/m/0dxrf,Frying (food),test/frying/65583_1.wav
/m/0dxrf,Frying (food),test/frying/393444.wav
/m/0dxrf,Frying (food),test/frying/77924.wav
/m/0dxrf,Frying (food),test/frying/347708_1.wav
/m/0dxrf,Frying (food),test/frying/65933.wav
/m/0dxrf,Frying (food),test/frying/233296.wav
/m/0dxrf,Frying (food),test/frying/71149_2.wav
/m/0dxrf,Frying (food),test/frying/137258_1.wav
/m/0dxrf,Frying (food),test/frying/65932.wav
/m/0dxrf,Frying (food),test/frying/62109.wav
/m/0dxrf,Frying (food),test/frying/360797.wav
/m/0dxrf,Frying (food),test/frying/53293_4.wav
/m/0dxrf,Frying (food),test/frying/53293_1.wav
/m/0dxrf,Frying (food),test/frying/264451_2.wav
/m/0dxrf,Frying (food),test/frying/121582.wav
/m/0dxrf,Frying (food),test/frying/264451_3.wav
/m/0dxrf,Frying (food),test/frying/152823.wav
/m/0dxrf,Frying (food),test/frying/424872_1.wav
/m/0dxrf,Frying (food),test/frying/167505.wav
/m/0dxrf,Frying (food),test/frying/403531_1.wav
/m/0dxrf,Frying (food),test/frying/137258_2.wav
/m/0dxrf,Frying (food),test/frying/152659_1.wav
/t/dd00002,"Baby cry, infant cry",test/baby/202730.wav
/t/dd00002,"Baby cry, infant cry",test/baby/175897.wav
/t/dd00002,"Baby cry, infant cry",test/baby/31532_3.wav
/t/dd00002,"Baby cry, infant cry",test/baby/211527_1.wav
/t/dd00002,"Baby cry, infant cry",test/baby/198411_10.wav
/t/dd00002,"Baby cry, infant cry",test/baby/463879.wav
/t/dd00002,"Baby cry, infant cry",test/baby/28100.wav
/t/dd00002,"Baby cry, infant cry",test/baby/31985_2.wav
/t/dd00002,"Baby cry, infant cry",test/baby/243989_2.wav
/t/dd00002,"Baby cry, infant cry",test/baby/198411_11.wav
/t/dd00002,"Baby cry, infant cry",test/baby/386925.wav
/t/dd00002,"Baby cry, infant cry",test/baby/398552_1.wav
/t/dd00002,"Baby cry, infant cry",test/baby/34874.wav
/t/dd00002,"Baby cry, infant cry",test/baby/187207_3.wav
/t/dd00002,"Baby cry, infant cry",test/baby/271351_3.wav
/t/dd00002,"Baby cry, infant cry",test/baby/31985_1.wav
/t/dd00002,"Baby cry, infant cry",test/baby/26761.wav
/t/dd00002,"Baby cry, infant cry",test/baby/332162.wav
/t/dd00002,"Baby cry, infant cry",test/baby/271351_4.wav
/t/dd00002,"Baby cry, infant cry",test/baby/170749_1.wav
/t/dd00002,"Baby cry, infant cry",test/baby/66637_8.wav
/t/dd00002,"Baby cry, infant cry",test/baby/211528.wav
/t/dd00002,"Baby cry, infant cry",test/baby/271350_6.wav
/t/dd00002,"Baby cry, infant cry",test/baby/351770.wav
/t/dd00002,"Baby cry, infant cry",test/baby/48797.wav
/t/dd00002,"Baby cry, infant cry",test/baby/151080_1.wav
/t/dd00002,"Baby cry, infant cry",test/baby/271350_5.wav
/t/dd00002,"Baby cry, infant cry",test/baby/470039_1.wav
/t/dd00002,"Baby cry, infant cry",test/baby/102431.wav
/t/dd00002,"Baby cry, infant cry",test/baby/388173.wav
/t/dd00002,"Baby cry, infant cry",test/baby/59579.wav
/t/dd00002,"Baby cry, infant cry",test/baby/31528.wav
/t/dd00002,"Baby cry, infant cry",test/baby/66637_7.wav
/t/dd00002,"Baby cry, infant cry",test/baby/59578.wav
/t/dd00002,"Baby cry, infant cry",test/baby/31531.wav
/t/dd00002,"Baby cry, infant cry",test/baby/198411_4.wav
/t/dd00002,"Baby cry, infant cry",test/baby/31532_1.wav
/t/dd00002,"Baby cry, infant cry",test/baby/271351_5.wav
/t/dd00002,"Baby cry, infant cry",test/baby/31529.wav
/t/dd00002,"Baby cry, infant cry",test/baby/96296.wav
/t/dd00002,"Baby cry, infant cry",test/baby/31985_4.wav
/t/dd00002,"Baby cry, infant cry",test/baby/369798.wav
/t/dd00002,"Baby cry, infant cry",test/baby/58741_2.wav
/t/dd00002,"Baby cry, infant cry",test/baby/211527_3.wav
/t/dd00002,"Baby cry, infant cry",test/baby/431644.wav
/t/dd00002,"Baby cry, infant cry",test/baby/259609.wav
/t/dd00002,"Baby cry, infant cry",test/baby/461788.wav
/t/dd00002,"Baby cry, infant cry",test/baby/60997.wav
/t/dd00002,"Baby cry, infant cry",test/baby/388177_1.wav
/t/dd00002,"Baby cry, infant cry",test/baby/58741_1.wav
/t/dd00002,"Baby cry, infant cry",test/baby/196746_2.wav
/t/dd00002,"Baby cry, infant cry",test/baby/66637_2.wav
/t/dd00002,"Baby cry, infant cry",test/baby/58178.wav
/t/dd00002,"Baby cry, infant cry",test/baby/66637_4.wav
/t/dd00002,"Baby cry, infant cry",test/baby/66637_1.wav
/t/dd00002,"Baby cry, infant cry",test/baby/402535.wav
/t/dd00002,"Baby cry, infant cry",test/baby/271350_2.wav
/t/dd00002,"Baby cry, infant cry",test/baby/211527_2.wav
/t/dd00002,"Baby cry, infant cry",test/baby/97898_2.wav
/t/dd00002,"Baby cry, infant cry",test/baby/271351_2.wav
/t/dd00002,"Baby cry, infant cry",test/baby/106041_1.wav
/t/dd00002,"Baby cry, infant cry",test/baby/198411_6.wav
/t/dd00002,"Baby cry, infant cry",test/baby/442655.wav
/t/dd00002,"Baby cry, infant cry",test/baby/66637_9.wav
/t/dd00002,"Baby cry, infant cry",test/baby/106043_2.wav
/t/dd00002,"Baby cry, infant cry",test/baby/179832.wav
/t/dd00002,"Baby cry, infant cry",test/baby/387401.wav
/t/dd00002,"Baby cry, infant cry",test/baby/198411_12.wav
/t/dd00002,"Baby cry, infant cry",test/baby/271351_1.wav
/t/dd00002,"Baby cry, infant cry",test/baby/33669.wav
/t/dd00002,"Baby cry, infant cry",test/baby/271265_2.wav
/t/dd00002,"Baby cry, infant cry",test/baby/167078.wav
/t/dd00002,"Baby cry, infant cry",test/baby/185575_1.wav
/t/dd00002,"Baby cry, infant cry",test/baby/271352.wav
/t/dd00002,"Baby cry, infant cry",test/baby/388171.wav
/t/dd00002,"Baby cry, infant cry",test/baby/242119_2.wav
/t/dd00002,"Baby cry, infant cry",test/baby/26760_2.wav
/t/dd00002,"Baby cry, infant cry",test/baby/60083.wav
/t/dd00002,"Baby cry, infant cry",test/baby/31985_5.wav
/t/dd00002,"Baby cry, infant cry",test/baby/187207_1.wav
/t/dd00002,"Baby cry, infant cry",test/baby/66637_6.wav
/t/dd00002,"Baby cry, infant cry",test/baby/321712_2.wav
/t/dd00002,"Baby cry, infant cry",test/baby/479839.wav
/t/dd00002,"Baby cry, infant cry",test/baby/453096_2.wav
/t/dd00002,"Baby cry, infant cry",test/baby/61262_1.wav
/t/dd00002,"Baby cry, infant cry",test/baby/391181.wav
/t/dd00002,"Baby cry, infant cry",test/baby/185575_2.wav
/t/dd00002,"Baby cry, infant cry",test/baby/211529.wav
/t/dd00002,"Baby cry, infant cry",test/baby/82497.wav
/t/dd00002,"Baby cry, infant cry",test/baby/321712_1.wav
/t/dd00002,"Baby cry, infant cry",test/baby/234081_1.wav
/t/dd00002,"Baby cry, infant cry",test/baby/144473.wav
/t/dd00002,"Baby cry, infant cry",test/baby/106042.wav
/t/dd00002,"Baby cry, infant cry",test/baby/198411_9.wav
/t/dd00002,"Baby cry, infant cry",test/baby/151081.wav
